id,strategy_class,catalyst,reference_catalyst,reference_type,factor_low,factor_high,factor_central,metric,site_counting,T_C,P_MPa,H2_N2,measured_le_1MPa,arithmetic,DOI,source_short,location,quote_verbatim,verification_level,fig3b_recommended,notes
P01,1 promoter (alkaline-earth),Ba-Ru/C (graphitised carbon; 7.52 wt% Ru; Ba:Ru 0.7),Ru/C (9.1 wt% Ru; unpromoted),unpromoted Ru; same support,75,80,75,intrinsic: global TOF per chemisorption-counted surface Ru,H2 chemisorption (promoted) vs O2 chemisorption (unpromoted),300,0.3,3:1,yes,TOF_glob 15e-4 / 0.2e-4 s-1 = 75 (text rounds both promoters to 'factor of 80'),10.1023/B:CATL.0000016950.09677.4d,"Siporin et al., Catal. Lett. 93, 61 (2004)",Table 2; p.63 text,revealed that promotion of Ru/C by Ba or Cs increased the activity by a factor of 80.,full text read,yes,Unpromoted Ru/C nearly inactive at 573 K; ratio is temperature dependent (H inhibition of bare Ru strongest at low T). Isotopic-transient TOF_intr: Cs 4x Ba (not vs unpromoted).
P02,1 promoter (alkali),Cs-Ru/C (5.98 wt% Ru; Cs:Ru 2.9),Ru/C (9.1 wt% Ru; unpromoted),unpromoted Ru; same support,65,80,65,intrinsic: global TOF per chemisorption-counted surface Ru,H2 chemisorption (promoted) vs O2 chemisorption (unpromoted),300,0.3,3:1,yes,TOF_glob 13e-4 / 0.2e-4 s-1 = 65 (both at 40 mL/min),10.1023/B:CATL.0000016950.09677.4d,"Siporin et al., Catal. Lett. 93, 61 (2004)",Table 2,revealed that promotion of Ru/C by Ba or Cs increased the activity by a factor of 80.,full text read,yes,Same caveats as P01.
P03,1 promoter (alkaline-earth),Ba-Ru/BN (4.5 wt% Ru; 5.5 wt% Ba),Ru/BN (4.5 wt% Ru; unpromoted),unpromoted Ru; same support,100,,100,per g catalyst at identical Ru loading; NH3-inhibition-corrected by the authors (raw integral-rate ratio 14.9),none (mass basis; same Ru loading),400,5.0,3:1,no (5 MPa),raw integral rates 32.8 / 2.2 = 14.9 at different outlet NH3 (8.4% vs 1.2%); authors' corrected increase >100 (lower bound),10.1126/science.1064399,"Hansen et al., Science 294, 1508 (2001)",p.1508-1509 text,"Taking the NH3 inhibition into account, the activity increase is more than two orders of magnitude.",full text read,yes,Only promoter-vs-unpromoted pair found at elevated pressure. Correction method not given in the report.
P04,1 promoter (alkali),Ru-Cs+/MgO (4.5 wt% Ru; Cs/Ru 0.8),Ru/MgO (5.0 wt% Ru; unpromoted),unpromoted Ru; same support,30,134,30,"per g catalyst at ~equal Ru amount and TEM dispersion (10.0% vs 9.0%), i.e. ~per TEM-counted surface Ru; LOWER BOUNDS (Ru/MgO below NH3 detection limit)",TEM and CO chemisorption reported; ratio from outlet NH3,300 (>30x); 350 (>134x),0.101,3:1,yes,"outlet NH3 0.15 / <0.005 vol% = >30 (300 C; far from equilibrium); 0.67 / <0.005 = >134 (350 C; promoted catalyst at 78% of equilibrium, so true ratio larger)",10.1021/jp066970b,"Larichev et al., J. Phys. Chem. C 111, 9427 (2007)",Table 1; Discussion p.9430,is higher by more than an order of magnitude of the activity of nonpromoted Ru/MgO catalyst,full text read,yes,Ru(OH)Cl3 precursor: residual Cl may depress the unpromoted reference and inflate the factor.
P05,1 promoter (alkali),Cs-Ru/YSZ,Ru/YSZ (unpromoted),unpromoted Ru; same support,8,10,10,per g Ru (specific rate),none,450,0.2-1.1 (1-10 bar gauge),3:1,yes (<=1.1 MPa),stated 'almost an order of magnitude'; insensitive to Cs/Ru 0.1-1.4; Ba and K about half of Cs (~5x),10.1021/acssuschemeng.9b04929,"Zhang et al., ACS Sustain. Chem. Eng. (2019)",Fig. 4; Results text; abstract,"Relative to Ru/YSZ alone, the addition of Cs as a promoter increases the reaction rate by almost an order of magnitude.",full text read,yes,"Closest to industrial temperature (450 C). Factor read from text and figure, not a tabulated TOF."
P06,1 promoter (alkali),2Cs-4 wt% Ru/Ba5Nb4O15 (Cs/Ru = 2),4 wt% Ru/Ba5Nb4O15 (unpromoted),unpromoted Ru; same support,20,30,25,per g catalyst (same Ru loading),none (H2 pulse titration failed: SMSI),300 (20x); 350 (30x),0.1,3:1,yes,stated; promoted rates 2363 and 4900 umol g-1 h-1 at 573/623 K,10.1039/d4ra03301a,"Chen et al., RSC Adv. (2024)",Section 3 text near Table 6,Both were 20- or 30-times higher than that of the unpromoted catalyst.,full text read,no,Mass basis only.
P07,"1 promoter (alkali), cross-support",Ru-Cs/MgO (1 wt% Ru),Ru/gamma-Al2O3 (6 wt% Ru; unpromoted),unpromoted Ru; DIFFERENT (acidic) support,65,65,65,intrinsic: TOF per CO-chemisorption surface Ru,CO chemisorption (Ru/CO = 1),400,0.1,3:1,yes,1.3e-2 / 2.0e-4 = 65; vs Ru/CaO (6.0e-3): 2.2,10.1021/acscatal.6b03357,"Hara, Kitano, Hosono, ACS Catal. (2017) review; data of Kitano 2012 Fig. 2",Table 1,Ru−Cs/MgO 12 1.0 50.3 2.7 2260 1.3×10−2 86 ... Ru/γ-Al2O3 170 6.0 12.5 10.6 50 2.0×10−4,full text read (review table),no,"Support and promoter combined; gamma-Al2O3 is a poor Ru support, inflating the ratio."
P08,1 promoter (alkali) on oxide,Ru-Cs/C12A7:O2- (2 wt% Ru),Ru/C12A7:O2- (2 wt% Ru),unpromoted Ru; same support,2,2.6,2,intrinsic: TOF per CO-chemisorption surface Ru (per g: 2.6),CO chemisorption,360,0.1,3:1,yes,TOF 0.02/0.01 = 2; rate 0.60/0.23 = 2.6,10.1021/jacs.5b10145,"Kanbara et al., JACS 137, 14517 (2015)",Table 2; Discussion,it exhibited 3-fold higher activity than Ru/[Ca24Al28O64]4+(O2−)2,full text read,no,Low-dispersion (4%) Ru; TOF tabulated to one significant figure.
P09,1 basic support (no dopant),Ru/Pr2O3 (5 wt% Ru),Ru/MgO (5 wt% Ru; unpromoted),unpromoted Ru; different support,10.1,10.1,10.1,per g catalyst = per g Ru (equal loading),none,390,0.9,3:1,yes,15200 / 1500 umol g-1 h-1 = 10.1; Ru/CeO2 7400/1500 = 4.9,10.1039/c6sc02382g,"Sato et al., Chem. Sci. 8, 674 (2017)",p.676 text; Fig. 2,"the NH3 synthesis rate of Ru/Pr2O3 was 15200 µmol g−1 h−1, much higher than that of Ru/CeO2 (7400",full text read,no,Includes dispersion/morphology effects (low-crystalline Ru layer).
P10,1 promoter (alkaline-earth) on confined Ru,2Ba-Ru@N-C(450) (ZIF-8 derived),Ru@N-C(450),unpromoted Ru; same support,1.95,1.95,1.95,per g Ru,none,360,1.0,3:1,yes,16817.3 / 8604.2 = 1.95,10.1039/d3ra04824a,"Wang et al., RSC Adv. (2023)",Abstract; Fig. 2 and 4 text,the activity of the 2Ba–Ru@N–C(450) is 16817.3 mmol h−1 gRu−1,full text read,no,"Units printed as mmol h-1 gRu-1. Ru/AC reference completely inactive at 360 C, so no finite confinement ratio."
E01,2 electride support,Ru(1.2 wt%)/C12A7:e-,Ru(1.2 wt%)/C12A7:O2- (same lattice; no cage electrons),unpromoted Ru on the same oxide lattice,9.8,9.8,9.8,intrinsic: TOF per CO-chemisorption surface Ru,CO chemisorption (Ru/CO = 1),400,1.0,3:1,yes,0.59 / 0.06 = 9.8,10.1038/nchem.1476,"Kitano et al., Nat. Chem. 4, 934 (2012)",Table 1 (p.937),"Ru/C12A7:O2− ~1–2 1.2 3.4 39.2 888 0.06 ... Ru/C12A7:e− ~1–2 1.2 3.2 41.3 8,245 0.59",full text read,yes,"Cleanest isolation of the electron-donating support effect (same Ru loading, size and lattice)."
E02,2 electride support,Ru(0.3 wt%)/C12A7:e-,Ru(6 wt%)-Cs/MgO,PROMOTED Ru (factor is a lower bound vs unpromoted Ru),32.7,49,32.7,intrinsic: TOF per CO-chemisorption surface Ru,CO chemisorption,400,1.0,3:1,yes,0.98 / 0.03 = 32.7 (vs Ru-Cs/MgO); 0.98 / 0.02 = 49 (vs Ru-Ba/AC),10.1038/nchem.1476,"Kitano et al., Nat. Chem. 4, 934 (2012)",Table 1; p.936 text,the TOF of Ru/C12A7:e− is ~20–50 times larger than those of Ru-Ba/AC and Ru-Cs/MgO,full text read,yes,Electride catalyst has 4% dispersion; CO counting on a 1-2 m2/g support may undercount sites (inflates TOF).
E03,2 electride support,Ru(0.3 wt%)/C12A7:e-,"Ru/CaO (1.5 wt%) [and Ru/gamma-Al2O3, 6 wt%]",unpromoted Ru; different supports,45,1350,45,intrinsic: TOF per CO-chemisorption surface Ru,CO chemisorption,400,0.1,3:1,yes,0.27 / 6.0e-3 = 45 (Ru/CaO); 0.27 / 2.0e-4 = 1350 (Ru/gamma-Al2O3),10.1021/acscatal.6b03357,"Hara, Kitano, Hosono, ACS Catal. (2017) review; data of Kitano 2012 Fig. 2",Table 1,Ru/CaO 3 1.5 4.9 27.2 160 6.0×10−3 120 ... Ru/C12A7:e‑ ... 0.3 4.1 32.9 1030 0.27 40,full text read (review table),no,1350x uses an anomalously poor reference (acidic Al2O3); 45x vs basic Ru/CaO is the meaningful value.
E04,2 electride support,Ru(2 wt%)/C12A7:e- (Ne 1.0-2.0e21 cm-3),Ru(2 wt%)/C12A7:O2- (Ne = 0),unpromoted Ru on the same oxide lattice,10,10,10,intrinsic: TOF per CO-chemisorption surface Ru,CO chemisorption,360,0.1,3:1,yes,0.10 / 0.01 = 10 (per g 3.02/0.23 = 13); also vs Ru-Cs/MgO 0.10/0.01 = 10,10.1021/jacs.5b10145,"Kanbara et al., JACS 137, 14517 (2015)",Table 2,Ru/[Ca24Al28O64]4+(O2−)2−x(e−)2x 2.00 1.0 4.7 28.7 3.02 0.10 50,full text read,yes,Activity switches on above Ne ~0.5e21 cm-3 (metal-insulator transition).
E05,2 electride support (N2 isotopic exchange),Ru(1.2 wt%)/C12A7:e-,Ru(1.2 wt%)/CaO-Al2O3 (Ru/CA); Ru-Cs/MgO,unpromoted Ru (CA) / promoted Ru,40,67,40,intrinsic: N2 isotopic-exchange TOF per CO-chemisorption surface Ru (NOT NH3 synthesis),CO chemisorption,360,0.027,no H2 (15N2:14N2 = 1:4),yes,0.200/0.005 = 40 (Ru/CA); 0.200/0.003 = 67 (Ru-Cs/MgO; text: factor of 60),10.1038/ncomms7731,"Kitano et al., Nat. Commun. 6, 6731 (2015)",Table 1; p.3 text,the turnover frequency of Ru/C12A7:e− exceeds that of Ru-Cs/MgO at 633 K by the factor of 60.,full text read,no,Measures N2 dissociation only; the paper argues N2 dissociation is no longer rate-limiting on the electride.
E06,2 electride (nitride) support,Ru(1.8 wt%)/Ca2N:e-,Ru(2 wt%)-Cs/MgO,PROMOTED Ru (lower bound vs unpromoted),9.5,21.8,9.5,intrinsic: TOF per CO-chemisorption surface Ru (per g at 340 C: 1.06),CO chemisorption,340 (9.5x); 300 (21.8x),0.1,3:1,yes,185.1e-3/19.5e-3 = 9.5 (340 C); 91.5e-3/4.2e-3 = 21.8 (300 C); per g 3386/3200 = 1.06,10.1039/c6sc00767h,"Kitano et al., Chem. Sci. 7, 4036 (2016)",Table 1,the turnover frequency (TOF) with Ru/Ca2N:e− is higher than that with Ru–Cs/MgO by an order of magnitude.,full text read,yes,Ru/Ca2NH (no electrons) TOF 11.9e-3 = 0.61x Ru-Cs/MgO.
E07,2 hydride support,Ru(2 wt%)/CaH2,Ru(2 wt%)-Cs/MgO,PROMOTED Ru (lower bound vs unpromoted),7.9,23.3,7.9,intrinsic: TOF per CO-chemisorption surface Ru,CO chemisorption,340 (7.9x); 300 (23.3x),0.1,3:1,yes,153.9/19.5 = 7.9; 98.0/4.2 = 23.3; per g 4002/3200 = 1.25,10.1039/c6sc00767h,"Kitano et al., Chem. Sci. 7, 4036 (2016)",Table 1,Ru/CaH2 2.0 3.8 12.3 10.9 22.3 4002 2549 153.9 98.0 51,full text read,no,
E08,2 amide support,Ru(10 wt%)/Ca(NH2)2,Cs-Ru(10 wt%)/MgO,PROMOTED Ru (lower bound vs unpromoted),4.9,113,4.9,intrinsic TOF: 4.9 (STEM-size site count) / 113 (CO-chemisorption count); per g 12.3,STEM particle size AND CO chemisorption,300,0.8,3:1,yes,STEM: 0.0074/0.0015 = 4.9; CO: 0.17/0.0015 = 113; rate 15.8/1.28 = 12.3,10.1021/acscatal.6b01940,"Inoue et al., ACS Catal. (2016)",Table 1; Discussion,catalytic activity of Ru/Ca(NH2)2 is ca. 10 times higher than that of Cs−Ru/MgO (Table 1),full text read,no,CO chemisorption undercounts Ru covered by amide (D 2.7% vs 61% by STEM): the STEM-based 4.9x is the defensible value.
E09,2 amide support / Ru-Ba core-shell,Ru(10 wt%)/Ba-Ca(NH2)2 (Ru-Ba core-shell),Cs-Ru(10 wt%)/MgO,PROMOTED Ru (lower bound vs unpromoted),33.5,197,33.5,intrinsic TOF: 33.5 (STEM site count) / 197 (H2-chemisorption count); per g 58,STEM particle size AND H2 chemisorption,300,0.9,3:1,yes,STEM: 13.4e-3/0.4e-3 = 33.5; H2: 157.9e-3/0.8e-3 = 197; rate 23.3/0.4 = 58; vs Ru/Ca(NH2)2 (STEM) 13.4/5.3 = 2.5,10.1002/anie.201712398,"Kitano et al., Angew. Chem. Int. Ed. 57, 2648 (2018)",Table 1; Conclusion,about 6 and 100 times higher than that of the industrial benchmark Fe catalyst (at 340 °C) and Cs-Ru/MgO (at 260 °C),full text read,yes,"Ba overlayer covers Ru, so H2 counting undercounts sites; 300 C is where Cs-Ru/MgO is H-poisoned. Direct Ru-vs-Fe: ~6x per g at 340 C, 0.9 MPa (wustite Fe)."
E10,2 oxyhydride support,Ru(~0.9 wt%)/BaTiO2.5H0.5,Ru(~0.9 wt%)/BaTiO3,unpromoted Ru; parent oxide support,6.9,8.4,8.4,"intrinsic TOF 8.4 (site count per SI Table S1, not read); per g 6.9",per SI Table S1 (method not verified),400,5.0,3:1,no (5 MPa),TOF 0.453/0.054 = 8.4 (text: 'by 9 times'); rate 28.2/4.1 = 6.9; vs Cs-Ru/MgO TOF 0.453/0.032 = 14.2,10.1002/aenm.201801772,"Tang et al., Adv. Energy Mater. 8, 1801772 (2018)",p.2 text; Fig. 1a,"the TOF increased by 9 times, from 0.054 to 0.453 s−1.",full text read (SI not read),yes,High-pressure (5 MPa) intrinsic point for a hydride-type support.
E11,2 intermetallic electride,LaRuSi (EDTA-etched),pure Ru powder (unsupported),"unpromoted, unsupported Ru (terrace-dominated)",600,667,667,intrinsic: TOF per geometric surface atom (BET area and atomic radii),BET-geometric estimate (CO does not adsorb),400,0.1,3:1,yes,0.060 / 0.00009 = 667 (stated ~600); vs Cs-Ru(1 wt%)/MgO 0.060/0.013 = 4.6,10.1039/c9sc01539f,"Li et al., Chem. Sci. 10, 5712 (2019)",Table 2; abstract,"The turnover frequency (TOF) of LnRuSi is estimated to be approximately 0.06 s−1, which is 600 times higher than that of pure Ru powder.",full text read,no,"Reference is bulk Ru powder with geometric site count, not comparable with the model's step-site baseline; vs promoted Ru only 4.6x."
E12,2 electride support,Ru(7.8 wt%)/Y5Si3,Cs-Ru/MgO; Ba-Ru/AC,PROMOTED Ru,5,5,5,intrinsic TOF (author: 'several times'); numeric 5x is cross-study arithmetic,CO chemisorption (presumed; SI Table S1 not read),400,0.1,3:1,yes,"0.067 / 0.013 (Ru-Cs/MgO 1 wt%, Hara 2017 Table 1, same T and P) = 5.2; cross-study",10.1021/jacs.6b00124,"Lu et al., JACS (2016)",p.3 text,"The TOF for Ru(7.8 wt %)/Y5Si3 was as high as 0.067 s−1 (400 °C, 0.1 MPa), which was several times higher",full text read (reference TOFs in SI not read),no,
C01,3 confinement (inside CNT),Ru-in-CNT (3.5 wt%; 2-5 nm),Ru-out-CNT (2.9 wt%; same size),unpromoted Ru on the CNT exterior (non-confined),0.4,0.6,0.5,intrinsic: TOF per H2/CO-chemisorption surface Ru,H2 and CO chemisorption,400,1-4,3:1 (Ar/N2/H2 4:24:72),no (1-4 MPa),"out-CNT TOF ~2x in-CNT, so in/out ~0.5",10.1002/chem.200902371,"Guo et al., Chem. Eur. J. 16 (2010)",Fig. 1; p.2 text,TOF over Ru-out-CNT is around two times higher than that over the inside Ru catalyst.,full text read,yes,Confinement inside CNT LOWERS Ru TOF (electron-deficient interior).
C02,3 confinement (inside CNT) vs carbon black,Ru-in-CNT,Ru/carbon black (Ru/CB),unpromoted Ru; different carbon,5,5,5,intrinsic: TOF per chemisorption surface Ru,H2/CO chemisorption,400,1-4,3:1,no (1-4 MPa),stated 'almost 5 times lower' for Ru/CB,10.1002/chem.200902371,"Guo et al., Chem. Eur. J. 16 (2010)",p.2 text,the TOF of the CB-supported Ru catalyst (Ru/CB) is almost 5 times lower than that of Ru-in-CNT,full text read,no,Graphitic-support effect rather than confinement (out-CNT ~10x CB).
C03,3 confinement-derived clusters (ZIF),Ru clusters@N-C (from ZIF confinement),Ru NPs@N-C,unpromoted Ru nanoparticles; same support,5.9,5.9,5.9,per g Ru (includes dispersion),none,400,1.0,3:1,yes,3.2 / 0.54 umol h-1 mgRu-1 = 5.9,10.1021/acsami.7b14134,"Yang et al., ACS Appl. Mater. Interfaces (2017)",Fig. 4d; Results text,"Ru clusters@N−C (3.2 µmol h−1 mgRu−1), Ru NPs@N−C (0.54 µmolNH3 h−1 mgRu−1)",full text read,yes,"Mass-normalised; clusters are near-fully dispersed vs NPs, so most of the gain is site count, not intrinsic."
C04,3 confinement-derived bimetallic clusters (+K),Ru-Co clusters@N-C; K-Ru-Co clusters@N-C,Ru NPs@N-C,unpromoted Ru nanoparticles; same support,14.2,74.4,14.2,"per g Ru (includes dispersion, Co alloying and K)",none,400,1.0,3:1,yes,7.69/0.54 = 14.2 (Ru-Co clusters); 40.2/0.54 = 74.4 (KOH-treated Ru-Co clusters),10.1021/acsami.7b14134,"Yang et al., ACS Appl. Mater. Interfaces (2017)",Results text,the activity for ammonia synthesis could be further improved to 40.2 µmol h−1 mgRu−1 under the assistance of KOH treatment.,full text read,no,Absolute rates are low (umol per mg Ru).
C05,3 confinement-derived sub-nm clusters (MOF MIL-101),1.0 nm Ru clusters (MIL-101 host pyrolysis),promoted Ru nanoparticle counterpart,PROMOTED Ru NPs,500,500,500,unspecified in abstract (likely per g Ru),unknown,,,,unknown,stated,10.1007/s12274-018-2062-4,"Nano Res. (2018), 'Sub-nm ruthenium cluster ... Break the size shackles'",Abstract,"for ammonia synthesis, the activity of the Ru clusters is 500 times as high as that of promoted Ru NPs counterpart.",abstract only (full text not obtained via nus-fetch),no,Cannot be placed until metric and conditions are verified.
N01,4 TM-LiH composite (non-Ru),"Fe-LiH; Co-LiH (also Cr-, Mn-LiH)",Cs-Ru/MgO,PROMOTED Ru (cross-metal),2,20,2.5,per g catalyst,none,300 (2-3x); 250 (12-20x),1.0,3:1,yes,stated,10.1038/nchem.2595,"Wang et al., Nat. Chem. 9, 64 (2017)",Fig. 3c; p.66 text,"outperform the Cs-promoted Ru catalyst, one of the most-active NH3 synthesis catalysts, by 2–3 times at 573K and 12–20 times at 523K",full text read,no,
N02,4 TM-LiH composite (non-Ru),Fe-LiH; Ni-LiH,neat or supported Fe; Ni,unpromoted same metal,10,100,10,per g catalyst,none,300,1.0,3:1,yes,stated orders of magnitude (Fig. 3b),10.1038/nchem.2595,"Wang et al., Nat. Chem. 9, 64 (2017)",Fig. 3b; p.66 text,two (Ni–LiH) and one (Fe–LiH) orders of magnitude higher than those of the corresponding neat or supported TM(N),full text read,no,"Relevant to the Fe side of the economic comparison, not to the Ru alpha axis."
N03,4 TM-BaH2 composite (non-Ru),BaH2-Co/CNTs,Cs-Ru/MgO; BaO-Co/CNTs,PROMOTED Ru (cross-metal); BaO-promoted Co,2.5,232,2.5,per g catalyst vs Cs-Ru/MgO; TOF per TEM-counted surface Co vs BaO-Co: 232,TEM surface Co,300 (2.5x vs Ru; 232x TOF vs BaO-Co); 250 (20x vs Ru),1.0,3:1,yes,TOF 50.4e-3/0.217e-3 = 232 (vs BaO-Co/CNTs),10.1021/acscatal.7b00284,"Gao et al., ACS Catal. (2017)",Table 1; Results text,approximately 20 (250 °C)- and 2.5 (300 °C)-times higher than that of Cs-Ru/MgO,full text read,no,
N04,"4 oxyhydride support (Fe, Co)",Fe/BaTiO2.5H0.5; Co/BaTiO2.5H0.5,Fe/BaTiO3; Co/BaTiO3,same metal on parent oxide,70,400,70,per g catalyst,none,400,5.0,3:1,no (5 MPa),Fe 14/0.2 = 70; Co 5.5/0.014 = 393 (stated 400); Fe/BaTiO2.5H0.5 vs Ru/BaTiO3 14/4.1 = 3.4,10.1002/aenm.201801772,"Tang et al., Adv. Energy Mater. 8, 1801772 (2018)",p.2 text,switching the support from oxide to oxyhydride results in an activity enhancement of 70 times (0.2 vs 14 mmol g−1 h−1,full text read,no,Fe on oxyhydride surpasses Ru/BaTiO3 at 5 MPa.
N05,4 ternary nitride (non-Ru),Cs/Co3Mo3N,KM1 multipromoted Fe (and unpromoted Co3Mo3N),industrial Fe; unpromoted same nitride,1.4,8.7,1.4,per g catalyst,none,400 (KM1 at 410),10.0,3:1,no (10 MPa),1040/~750 = 1.39 vs KM1 (approximate; KM1 at 410 C); Cs promotion 1040/120 = 8.7,10.1039/b002930k,"Jacobsen, Chem. Commun. 2000, 1057",Table 2; p.1058 text,"KM1, is ca. 750 ml ammonia h−1 g−1 under similar conditions but at 410 °C",full text read,no,Only industrial-pressure comparison with Fe in this set.
N06,4 hydride (Ru-free),TiH2 (ball-milled),Cs-Ru/MgO (~0.9 wt% Ru),PROMOTED Ru,1.04,1.04,1.04,per g catalyst,none,400,5.0,3:1,no (5 MPa),2.8 / 2.7 = 1.04,10.1021/jacs.7b08891,"Kobayashi et al., JACS 139, 18240 (2017)",Results text,"TiH2 and BaTiO2.5H0.5 exhibit catalytic activities of 2.8 and 1.4 mmol·g−1·h−1, which is surprisingly on par with the aforementioned Ru catalysts.",full text read,no,
N07,4 nitride support (Ni),Ni/LaN,reported Ru-based catalysts,Ru (various),1,1,1,qualitative (per g; TOF per surface N vacancy),surface N vacancies,400,0.1,3:1,yes,stated 'comparable',10.1038/s41586-020-2464-9,"Ye et al., Nature (2020)","text; Extended Data Table 1 (image, not parsed)",comparable to that of reported Ru-based catalysts (Extended Data Table 1),full text read (ED table not parsed),no,
S01,"support effect, both promoted (high P)",Ba-Ru(9.1 wt%)/graphitised carbon,"Ba1-Ru4.3/BN (HCV, NH3-treated)",PROMOTED Ru on another support,4.5,7.4,4.8,intrinsic: TOF per O2-chemisorption surface Ru,O2 chemisorption,400,6.3; 9.0,3:1 with 8.5-10% NH3,no (6.3-9 MPa),63 bar: 0.096/0.020 = 4.8 (0.096/0.013 = 7.4); 90 bar: 0.104/0.023 = 4.5,10.1007/s10562-004-3089-6,"Szmigiel et al., Catal. Lett. 100, 79 (2005)",Table 4,The surface activities (TOF) of Ba–Ru/C are by several times higher than those of Ba–Ru/BN both at 63 and 90 bar.,full text read,no,"Absolute high-pressure TOF of promoted Ru/C (~0.1 s-1 at 400 C, 6.3-9 MPa, 8.5-10% NH3): usable to cross-check the model's absolute step-site TOF."
