mode,step,change,records,candidates,infeasible,groups,mismatch,fraction,papers_with_mismatch,gt5pct,gt10pct,regret_max,new_mismatch,lost_mismatch,groups_added,groups_removed
all,S0,main: original treatment,1485,991,0,83,33,0.3976,19,9,4,1.8154,,,,
all,S1,+ unit-parsing fixes in the extraction normalization,1488,1007,0,83,33,0.3976,19,9,4,1.8154,0.0,0.0,1.0,1.0
all,S2,+ printed STY checked against the volumetric-GHSV reference,1488,1007,0,83,32,0.3855,19,9,5,1.8154,0.0,1.0,0.0,0.0
all,S3,+ repeated prints of one measurement counted once,1488,991,0,83,32,0.3855,19,9,5,1.8154,0.0,0.0,0.0,0.0
all,S4,+ recycled CO limited by CO-hydrogenation equilibrium,1488,991,0,83,36,0.4337,23,15,14,6.9111,11.0,7.0,0.0,0.0
all,S5,+ conversion capped at loop CO2-hydrogenation equilibrium,1488,991,0,83,35,0.4217,24,14,12,0.8286,3.0,4.0,0.0,0.0
all,S6,+ purge limited to inlet non-H2/CO2 <= 6.86 %,1488,991,3,82,54,0.6585,37,46,42,3.7274,23.0,4.0,0.0,1.0
printed,S0,main: original treatment,1485,350,0,40,15,0.375,9,6,4,1.8154,,,,
printed,S1,+ unit-parsing fixes in the extraction normalization,1488,352,0,40,15,0.375,9,6,4,1.8154,0.0,0.0,0.0,0.0
printed,S2,+ printed STY checked against the volumetric-GHSV reference,1488,352,0,40,14,0.35,8,6,4,1.8154,0.0,1.0,0.0,0.0
printed,S3,+ repeated prints of one measurement counted once,1488,348,0,40,14,0.35,8,6,4,1.8154,0.0,0.0,0.0,0.0
printed,S4,+ recycled CO limited by CO-hydrogenation equilibrium,1488,348,0,40,16,0.4,10,8,7,1.4098,2.0,0.0,0.0,0.0
printed,S5,+ conversion capped at loop CO2-hydrogenation equilibrium,1488,348,0,40,15,0.375,9,7,6,0.8286,0.0,1.0,0.0,0.0
printed,S6,+ purge limited to inlet non-H2/CO2 <= 6.86 %,1488,348,0,40,28,0.7,21,22,20,2.9939,15.0,2.0,0.0,0.0
