id,doi,entry,catalyst,group,field,extracted,unit,qualifier,value_source,record_location,record_page,pass_,filled,pdf,si,found_where,value_in_paper,printed_number,judgment,note
1,10.1016/j.apcata.2018.04.036,"Fig 10a,b/text, 0.5Ca5P5ZC, 270 °C",0.5Ca5P5ZC,10.1016/j.apcata.2018.04.036 | 30 bar | H2/CO2 3 | 2.4 NL/g/h,H2/CO2,3.0,mol/mol,,,"Text Section 4 and Figure 10a,b",8,main,,pdf/Malik_2018_Development of highly selective PdZnCeO2 and Ca-doped PdZnCeO2 catalysts for met.pdf,si/10_1016_j_apcata_2018_04_036__mmc1.docx,,,,,
2,10.1016/j.apcata.2018.04.036,"Table 6, 5P5ZC, 220 °C",5P5ZC,10.1016/j.apcata.2018.04.036 | 30 bar | H2/CO2 3 | 2.4 NL/g/h,CO selectivity,0.0,%,=,table,Table 6,8,main,,pdf/Malik_2018_Development of highly selective PdZnCeO2 and Ca-doped PdZnCeO2 catalysts for met.pdf,si/10_1016_j_apcata_2018_04_036__mmc1.docx,,,,,
3,10.1016/j.apcata.2018.04.036,"Table 6, 5P5ZC, 220 °C",5P5ZC,10.1016/j.apcata.2018.04.036 | 30 bar | H2/CO2 3 | 2.4 NL/g/h,pressure,30.0,bar,,,Table 6,8,main,,pdf/Malik_2018_Development of highly selective PdZnCeO2 and Ca-doped PdZnCeO2 catalysts for met.pdf,si/10_1016_j_apcata_2018_04_036__mmc1.docx,,,,,
4,10.1016/j.apcata.2018.04.036,"Table 6, 5PC, 220 °C",5PC,10.1016/j.apcata.2018.04.036 | 30 bar | H2/CO2 3 | 2.4 NL/g/h,CH3OH selectivity,70.1,%,=,table,Table 6,8,main,,pdf/Malik_2018_Development of highly selective PdZnCeO2 and Ca-doped PdZnCeO2 catalysts for met.pdf,si/10_1016_j_apcata_2018_04_036__mmc1.docx,,,,,
5,10.1016/j.apcata.2018.04.036,"Table 6, 0.5Ca5P5ZC, 220 °C",0.5Ca5P5ZC,10.1016/j.apcata.2018.04.036 | 30 bar | H2/CO2 3 | 2.4 NL/g/h,CH4 selectivity,0.0,%,=,table,Table 6,8,main,,pdf/Malik_2018_Development of highly selective PdZnCeO2 and Ca-doped PdZnCeO2 catalysts for met.pdf,si/10_1016_j_apcata_2018_04_036__mmc1.docx,,,,,
6,10.1016/j.apcata.2018.04.036,"Table 6, 5PC, 220 °C",5PC,10.1016/j.apcata.2018.04.036 | 30 bar | H2/CO2 3 | 2.4 NL/g/h,H2/CO2,3.0,mol/mol,,,Table 6,8,main,,pdf/Malik_2018_Development of highly selective PdZnCeO2 and Ca-doped PdZnCeO2 catalysts for met.pdf,si/10_1016_j_apcata_2018_04_036__mmc1.docx,,,,,
7,10.1016/j.apcata.2018.04.036,"Table 6, 5PC, 220 °C",5PC,10.1016/j.apcata.2018.04.036 | 30 bar | H2/CO2 3 | 2.4 NL/g/h,CH4 selectivity,2.3,%,=,table,Table 6,8,main,,pdf/Malik_2018_Development of highly selective PdZnCeO2 and Ca-doped PdZnCeO2 catalysts for met.pdf,si/10_1016_j_apcata_2018_04_036__mmc1.docx,,,,,
8,10.1016/j.apcata.2018.04.036,"Table 6, 5PC, 220 °C",5PC,10.1016/j.apcata.2018.04.036 | 30 bar | H2/CO2 3 | 2.4 NL/g/h,CO2 conversion,1.7,%,=,table,Table 6,8,main,,pdf/Malik_2018_Development of highly selective PdZnCeO2 and Ca-doped PdZnCeO2 catalysts for met.pdf,si/10_1016_j_apcata_2018_04_036__mmc1.docx,,,,,
9,10.1016/j.apcata.2018.04.036,"Table 6, 5P5ZC, 220 °C",5P5ZC,10.1016/j.apcata.2018.04.036 | 30 bar | H2/CO2 3 | 2.4 NL/g/h,H2/CO2,3.0,mol/mol,,,Table 6,8,main,,pdf/Malik_2018_Development of highly selective PdZnCeO2 and Ca-doped PdZnCeO2 catalysts for met.pdf,si/10_1016_j_apcata_2018_04_036__mmc1.docx,,,,,
10,10.1016/j.apcata.2018.04.036,"Table 6, 0.5Ca5P5ZC, 220 °C",0.5Ca5P5ZC,10.1016/j.apcata.2018.04.036 | 30 bar | H2/CO2 3 | 2.4 NL/g/h,CO selectivity,0.0,%,=,table,Table 6,8,main,,pdf/Malik_2018_Development of highly selective PdZnCeO2 and Ca-doped PdZnCeO2 catalysts for met.pdf,si/10_1016_j_apcata_2018_04_036__mmc1.docx,,,,,
11,10.1126/sciadv.abi6012,SI Table S2 row a-ZrO2,a-ZrO2,10.1126/sciadv.abi6012 | 40 bar | H2/CO2 3 | 12 NL/g/h,CO selectivity,26.8,%,=,SI,SI Table S2,19,si,cat_mass_g<-figures,pdf/Meng_2021_Oxygen-deficient metal oxides supported nano-intermetallic InNi 3 C 05 toward ef.pdf,si/10_1126_sciadv_abi6012__si1.pdf,,,,,
12,10.1126/sciadv.abi6012,"Fig. 2B, InNi3C0.5/t-ZrO2, 24000 ml gcat-1 hour-1",InNi3C0.5/t-ZrO2,10.1126/sciadv.abi6012 | 40 bar | H2/CO2 3 | 24 NL/g/h,STY (printed),0.3 gMeOH gcat−1 hour−1,as printed,=,mixed,Fig. 2B and Results text,3,main,X_CO2<-si;S_MeOH<-si;S_CO<-si;S_CH4<-si,pdf/Meng_2021_Oxygen-deficient metal oxides supported nano-intermetallic InNi 3 C 05 toward ef.pdf,si/10_1126_sciadv_abi6012__si1.pdf,,,,,
13,10.1126/sciadv.abi6012,SI Table S2 row SiO2,SiO2,10.1126/sciadv.abi6012 | 40 bar | H2/CO2 3 | 12 NL/g/h,H2/CO2,3.0,mol/mol,,,SI Table S2,19,si,,pdf/Meng_2021_Oxygen-deficient metal oxides supported nano-intermetallic InNi 3 C 05 toward ef.pdf,si/10_1126_sciadv_abi6012__si1.pdf,,,,,
14,10.1126/sciadv.abi6012,SI Table S2 row InNi3C0.5/ZnO,InNi3C0.5/ZnO,10.1126/sciadv.abi6012 | 40 bar | H2/CO2 3 | 12 NL/g/h,CO2 conversion,7.8,%,=,SI,SI Table S2,19,si,,pdf/Meng_2021_Oxygen-deficient metal oxides supported nano-intermetallic InNi 3 C 05 toward ef.pdf,si/10_1126_sciadv_abi6012__si1.pdf,,,,,
15,10.1126/sciadv.abi6012,SI Table S2 row InNi3C0.5/TiO2,InNi3C0.5/TiO2,10.1126/sciadv.abi6012 | 40 bar | H2/CO2 3 | 12 NL/g/h,CH3OH selectivity,66.3,%,=,SI,SI Table S2,19,si,,pdf/Meng_2021_Oxygen-deficient metal oxides supported nano-intermetallic InNi 3 C 05 toward ef.pdf,si/10_1126_sciadv_abi6012__si1.pdf,,,,,
16,10.1126/sciadv.abi6012,SI Table S2 row m-ZrO2,m-ZrO2,10.1126/sciadv.abi6012 | 40 bar | H2/CO2 3 | 12 NL/g/h,space velocity,12000 mL gcat−1 h−1,as printed,,SI,SI Table S2,19,si,cat_mass_g<-figures,pdf/Meng_2021_Oxygen-deficient metal oxides supported nano-intermetallic InNi 3 C 05 toward ef.pdf,si/10_1126_sciadv_abi6012__si1.pdf,,,,,
17,10.1126/sciadv.abi6012,"Fig. 2A, InNi3C0.5/a-ZrO2, 12000 ml gcat-1 hour-1",InNi3C0.5/a-ZrO2,10.1126/sciadv.abi6012 | 40 bar | H2/CO2 3 | 12 NL/g/h,CH4 selectivity,0.4,%,=,SI,Fig. 2A,3,main,X_CO2<-si;S_MeOH<-si;S_CO<-si;S_CH4<-si;GHSV<-si;H2_CO2<-si,pdf/Meng_2021_Oxygen-deficient metal oxides supported nano-intermetallic InNi 3 C 05 toward ef.pdf,si/10_1126_sciadv_abi6012__si1.pdf,,,,,
18,10.1126/sciadv.abi6012,"Fig. 2A, InNi3C0.5/m-ZrO2, 12000 ml gcat-1 hour-1",InNi3C0.5/m-ZrO2,10.1126/sciadv.abi6012 | 40 bar | H2/CO2 3 | 12 NL/g/h,H2/CO2,3.0,mol/mol,,,Fig. 2A and Results text,3,main,S_CO<-si;S_CH4<-si,pdf/Meng_2021_Oxygen-deficient metal oxides supported nano-intermetallic InNi 3 C 05 toward ef.pdf,si/10_1126_sciadv_abi6012__si1.pdf,,,,,
19,10.1126/sciadv.abi6012,SI Table S2 row m-ZrO2,m-ZrO2,10.1126/sciadv.abi6012 | 40 bar | H2/CO2 3 | 12 NL/g/h,temperature,300.0,°C (from K),,,SI Table S2,19,si,cat_mass_g<-figures,pdf/Meng_2021_Oxygen-deficient metal oxides supported nano-intermetallic InNi 3 C 05 toward ef.pdf,si/10_1126_sciadv_abi6012__si1.pdf,,,,,
20,10.1126/sciadv.abi6012,"Text/Table S7, InNi3C0.5/Fe3O4, 325C, 4.0 MPa, H2/CO2 8:1, GHSV 30000",InNi3C0.5/Fe3O4,10.1126/sciadv.abi6012 | 40 bar | H2/CO2 8 | 30 NL/g/h,pressure,40.0,bar,,,"Results text, Tailoring more advanced InNi3C0.5 catalyst",6,main,S_CO<-si;STY<-si,pdf/Meng_2021_Oxygen-deficient metal oxides supported nano-intermetallic InNi 3 C 05 toward ef.pdf,si/10_1126_sciadv_abi6012__si1.pdf,,,,,
21,10.1039/c2cy20604h,"Text, Cu-Ba/Al2O3, 443 K, 36 MPa",Cu–Ba/Al2O3,10.1039/c2cy20604h | 360 bar | H2/CO2 3.8 | 4000 h-1,temperature,169.85,°C (from K),,,Text discussing methyl formate formation,7,main,X_CO2<-si;S_MeOH<-si;S_CO<-si;STY<-si,pdf/Bansode_2013_Impact of K and Ba promoters on CO 2 hydrogenation over CuAl 2 O 3 catalysts at.pdf,si/10_1039_c2cy20604h__si1.pdf,,,,,
22,10.1039/c2cy20604h,"SI Table 3, 503 K, 36 MPa",Cu–Ba/Al2O3,10.1039/c2cy20604h | 360 bar | H2/CO2 3.8 | 4000 h-1,STY (printed),56.5 mg gcat-1 h-1,as printed,=,SI,SI Table 3,4,si,,pdf/Bansode_2013_Impact of K and Ba promoters on CO 2 hydrogenation over CuAl 2 O 3 catalysts at.pdf,si/10_1039_c2cy20604h__si1.pdf,,,,,
23,10.1039/c2cy20604h,"SI Table 3, 533 K, 0.4 MPa",Cu–Ba/Al2O3,10.1039/c2cy20604h | 4 bar | H2/CO2 3.8 | 4000 h-1,CH3OH selectivity,4.4,%,=,SI,SI Table 3,4,si,,pdf/Bansode_2013_Impact of K and Ba promoters on CO 2 hydrogenation over CuAl 2 O 3 catalysts at.pdf,si/10_1039_c2cy20604h__si1.pdf,,,,,
24,10.1039/c2cy20604h,"Fig 5/Fig 6, Cu/Al2O3, 443 K, 10 MPa",Cu/Al2O3,10.1039/c2cy20604h | 100 bar | H2/CO2 3.8 | 10.6 NL/g/h,CH3OH selectivity,80.0,%,=,mixed,Figure 5 and text on page 7,6,main,X_CO2<-si;S_CO<-si;STY<-si;GHSV<-figures,pdf/Bansode_2013_Impact of K and Ba promoters on CO 2 hydrogenation over CuAl 2 O 3 catalysts at.pdf,si/10_1039_c2cy20604h__si1.pdf,,,,,
25,10.1039/c2cy20604h,"Fig 7, Cu-K/Al2O3, 533 K, 36 MPa",Cu–K/Al2O3,10.1039/c2cy20604h | 360 bar | H2/CO2 3.8 | 10.6 NL/g/h,STY (printed),10.6 mg gcat-1 h-1,as printed,=,SI,Figure 7,7,main,X_CO2<-si;S_MeOH<-si;S_CO<-si;STY<-si;H2_CO2<-si;GHSV<-figures,pdf/Bansode_2013_Impact of K and Ba promoters on CO 2 hydrogenation over CuAl 2 O 3 catalysts at.pdf,si/10_1039_c2cy20604h__si1.pdf,,,,,
26,10.1039/c2cy20604h,"SI Table 3, 553 K, 0.4 MPa",Cu–Ba/Al2O3,10.1039/c2cy20604h | 4 bar | H2/CO2 3.8 | 4000 h-1,CO selectivity,98.1,%,=,SI,SI Table 3,4,si,,pdf/Bansode_2013_Impact of K and Ba promoters on CO 2 hydrogenation over CuAl 2 O 3 catalysts at.pdf,si/10_1039_c2cy20604h__si1.pdf,,,,,
27,10.1039/c2cy20604h,"SI Table 3, 443 K, 0.4 MPa",Cu–Ba/Al2O3,10.1039/c2cy20604h | 4 bar | H2/CO2 3.8 | 4000 h-1,CO selectivity,72.5,%,=,SI,SI Table 3,4,si,,pdf/Bansode_2013_Impact of K and Ba promoters on CO 2 hydrogenation over CuAl 2 O 3 catalysts at.pdf,si/10_1039_c2cy20604h__si1.pdf,,,,,
28,10.1039/c2cy20604h,"Fig 8, Cu-Ba/Al2O3, 473 K, 10 MPa",Cu–Ba/Al2O3,10.1039/c2cy20604h | 100 bar | H2/CO2 3.8 | 10.6 NL/g/h,temperature,199.85,°C (from K),,,Figure 8 and abstract,7,main,X_CO2<-si;S_CO<-si;STY<-si;GHSV<-figures,pdf/Bansode_2013_Impact of K and Ba promoters on CO 2 hydrogenation over CuAl 2 O 3 catalysts at.pdf,si/10_1039_c2cy20604h__si1.pdf,,,,,
29,10.1039/c2cy20604h,"Fig 7/Fig 8, Cu-K/Al2O3, 473 K, 36 MPa",Cu–K/Al2O3,10.1039/c2cy20604h | 360 bar | H2/CO2 3.8 | 10.6 NL/g/h,CO2 conversion,8.9,%,=,SI,Figure 7 and Figure 8,7,main,X_CO2<-si;S_MeOH<-si;S_CO<-si;STY<-si;H2_CO2<-si;GHSV<-figures,pdf/Bansode_2013_Impact of K and Ba promoters on CO 2 hydrogenation over CuAl 2 O 3 catalysts at.pdf,si/10_1039_c2cy20604h__si1.pdf,,,,,
30,10.1039/c2cy20604h,"Fig 7, Cu-K/Al2O3, 533 K, 3 MPa",Cu–K/Al2O3,10.1039/c2cy20604h | 30 bar | H2/CO2 3.8 | 10.6 NL/g/h,CO selectivity,98.1,%,=,SI,Figure 7,7,main,X_CO2<-si;S_MeOH<-si;S_CO<-si;STY<-si;H2_CO2<-si;GHSV<-figures,pdf/Bansode_2013_Impact of K and Ba promoters on CO 2 hydrogenation over CuAl 2 O 3 catalysts at.pdf,si/10_1039_c2cy20604h__si1.pdf,,,,,
31,10.1038/s41467-019-11349-9,"Table 2 Pd–In2O3 CP, WHSV 48,000 initial",Pd–In2O3 CP,10.1038/s41467-019-11349-9 | 50 bar | H2/CO2 4 | 48 NL/g/h,pressure,50.0,bar,,,Table 2,9,main,,pdf/Frei_2019_Atomic-scale engineering of indium oxide promotion by palladium for methanol pro.pdf,si/10_1038_s41467_019_11349_9__si1.pdf; si/10_1038_s41467_019_11349_9__si2.pdf,,,,,
32,10.1038/s41467-019-11349-9,"Fig. 6/text Pd–In2O3 CP stability, start",CP,10.1038/s41467-019-11349-9 | 50 bar | H2/CO2 4 | 48 NL/g/h,CH3OH selectivity,75.0,%,=,mixed,Fig. 6 and Results text,8,main,,pdf/Frei_2019_Atomic-scale engineering of indium oxide promotion by palladium for methanol pro.pdf,si/10_1038_s41467_019_11349_9__si1.pdf; si/10_1038_s41467_019_11349_9__si2.pdf,,,,,
33,10.1038/s41467-019-11349-9,"Table 2 Pd–In2O3 CP, WHSV 48,000 initial",Pd–In2O3 CP,10.1038/s41467-019-11349-9 | 50 bar | H2/CO2 4 | 48 NL/g/h,temperature,279.85,°C (from K),,,Table 2,9,main,,pdf/Frei_2019_Atomic-scale engineering of indium oxide promotion by palladium for methanol pro.pdf,si/10_1038_s41467_019_11349_9__si1.pdf; si/10_1038_s41467_019_11349_9__si2.pdf,,,,,
34,10.1038/s41467-019-11349-9,"Fig. 6/text Pd–In2O3 CP stability, after 500 h",CP,10.1038/s41467-019-11349-9 | 50 bar | H2/CO2 4 | 48 NL/g/h,temperature,279.85,°C (from K),,,Fig. 6 and Results text,8,main,,pdf/Frei_2019_Atomic-scale engineering of indium oxide promotion by palladium for methanol pro.pdf,si/10_1038_s41467_019_11349_9__si1.pdf; si/10_1038_s41467_019_11349_9__si2.pdf,,,,,
35,10.1038/s41467-019-11349-9,"Fig. 6/text Pd–In2O3 CP stability, start",CP,10.1038/s41467-019-11349-9 | 50 bar | H2/CO2 4 | 48 NL/g/h,CO2 conversion,9.7,%,=,mixed,Fig. 6 and Results text,8,main,,pdf/Frei_2019_Atomic-scale engineering of indium oxide promotion by palladium for methanol pro.pdf,si/10_1038_s41467_019_11349_9__si1.pdf; si/10_1038_s41467_019_11349_9__si2.pdf,,,,,
36,10.1038/s41467-019-11349-9,"Fig. 6/text Pd–In2O3 CP stability, start",CP,10.1038/s41467-019-11349-9 | 50 bar | H2/CO2 4 | 48 NL/g/h,H2/CO2,4.0,mol/mol,,,Fig. 6 and Results text,8,main,,pdf/Frei_2019_Atomic-scale engineering of indium oxide promotion by palladium for methanol pro.pdf,si/10_1038_s41467_019_11349_9__si1.pdf; si/10_1038_s41467_019_11349_9__si2.pdf,,,,,
37,10.1038/s41467-019-11349-9,"Fig. 6/text Pd–In2O3 CP stability, after 500 h",CP,10.1038/s41467-019-11349-9 | 50 bar | H2/CO2 4 | 48 NL/g/h,CO2 conversion,9.2,%,=,mixed,Fig. 6 and Results text,8,main,,pdf/Frei_2019_Atomic-scale engineering of indium oxide promotion by palladium for methanol pro.pdf,si/10_1038_s41467_019_11349_9__si1.pdf; si/10_1038_s41467_019_11349_9__si2.pdf,,,,,
38,10.1038/s41467-019-11349-9,"Fig. 6/text Pd–In2O3 CP stability, start",CP,10.1038/s41467-019-11349-9 | 50 bar | H2/CO2 4 | 48 NL/g/h,temperature,279.85,°C (from K),,,Fig. 6 and Results text,8,main,,pdf/Frei_2019_Atomic-scale engineering of indium oxide promotion by palladium for methanol pro.pdf,si/10_1038_s41467_019_11349_9__si1.pdf; si/10_1038_s41467_019_11349_9__si2.pdf,,,,,
39,10.1038/s41467-019-11349-9,"Fig. 6/text Pd–In2O3 CP stability, start",CP,10.1038/s41467-019-11349-9 | 50 bar | H2/CO2 4 | 48 NL/g/h,pressure,50.0,bar,,,Fig. 6 and Results text,8,main,,pdf/Frei_2019_Atomic-scale engineering of indium oxide promotion by palladium for methanol pro.pdf,si/10_1038_s41467_019_11349_9__si1.pdf; si/10_1038_s41467_019_11349_9__si2.pdf,,,,,
40,10.1038/s41467-019-11349-9,"Table 2 Pd–In2O3 CP, WHSV 48,000 initial",Pd–In2O3 CP,10.1038/s41467-019-11349-9 | 50 bar | H2/CO2 4 | 48 NL/g/h,CO2 conversion,9.7,%,=,mixed,Table 2,9,main,,pdf/Frei_2019_Atomic-scale engineering of indium oxide promotion by palladium for methanol pro.pdf,si/10_1038_s41467_019_11349_9__si1.pdf; si/10_1038_s41467_019_11349_9__si2.pdf,,,,,
41,10.1126/sciadv.aaz2060,"Fig. 5B/C, h–In2O3-R, 240°C, standard feed",h–In2O3-R,10.1126/sciadv.aaz2060 | 50 bar | H2/CO2 3.04 | 9 NL/g/h,space velocity,9000 ml gcat−1 hour−1,as printed,,mixed,Figure 5B and Figure 5C,7,main,,pdf/Dang_2020_Rationally designed indium oxide catalysts for CO 2 hydrogenation to methanol wi.pdf,si/10_1126_sciadv_aaz2060__si1.pdf,,,,,
42,10.1126/sciadv.aaz2060,"Fig. 5E/text, h–In2O3-R stability, initial",h–In2O3-R,10.1126/sciadv.aaz2060 | 50 bar | H2/CO2 3.04 | 9 NL/g/h,CH3OH selectivity,71.0,%,=,mixed,Figure 5E and text on page 6,7,main,,pdf/Dang_2020_Rationally designed indium oxide catalysts for CO 2 hydrogenation to methanol wi.pdf,si/10_1126_sciadv_aaz2060__si1.pdf,,,,,
43,10.1126/sciadv.aaz2060,"Fig. 5B/C, h–In2O3-R, 240°C, standard feed",h–In2O3-R,10.1126/sciadv.aaz2060 | 50 bar | H2/CO2 3.04 | 9 NL/g/h,temperature,240.0,°C (from K),,,Figure 5B and Figure 5C,7,main,,pdf/Dang_2020_Rationally designed indium oxide catalysts for CO 2 hydrogenation to methanol wi.pdf,si/10_1126_sciadv_aaz2060__si1.pdf,,,,,
44,10.1126/sciadv.aaz2060,"Fig. 5E/text, h–In2O3-R stability, 44 h",h–In2O3-R,10.1126/sciadv.aaz2060 | 50 bar | H2/CO2 3.04 | 9 NL/g/h,pressure,50.0,bar,,,Figure 5E and text on page 6,7,main,,pdf/Dang_2020_Rationally designed indium oxide catalysts for CO 2 hydrogenation to methanol wi.pdf,si/10_1126_sciadv_aaz2060__si1.pdf,,,,,
45,10.1126/sciadv.aaz2060,"Fig. 5E/text, h–In2O3-R stability, initial",h–In2O3-R,10.1126/sciadv.aaz2060 | 50 bar | H2/CO2 3.04 | 9 NL/g/h,H2/CO2,3.0416666666666665,mol/mol,,,Figure 5E and text on page 6,7,main,,pdf/Dang_2020_Rationally designed indium oxide catalysts for CO 2 hydrogenation to methanol wi.pdf,si/10_1126_sciadv_aaz2060__si1.pdf,,,,,
46,10.1126/sciadv.aaz2060,"Fig. 5E/text, h–In2O3-R stability, initial",h–In2O3-R,10.1126/sciadv.aaz2060 | 50 bar | H2/CO2 3.04 | 9 NL/g/h,pressure,50.0,bar,,,Figure 5E and text on page 6,7,main,,pdf/Dang_2020_Rationally designed indium oxide catalysts for CO 2 hydrogenation to methanol wi.pdf,si/10_1126_sciadv_aaz2060__si1.pdf,,,,,
47,10.1126/sciadv.aaz2060,"Fig. 5E/text, h–In2O3-R stability, 44 h",h–In2O3-R,10.1126/sciadv.aaz2060 | 50 bar | H2/CO2 3.04 | 9 NL/g/h,space velocity,9000 ml gcat−1 hour−1,as printed,,mixed,Figure 5E and text on page 6,7,main,,pdf/Dang_2020_Rationally designed indium oxide catalysts for CO 2 hydrogenation to methanol wi.pdf,si/10_1126_sciadv_aaz2060__si1.pdf,,,,,
48,10.1126/sciadv.aaz2060,"Fig. 5B/C, h–In2O3-R, 360°C, standard feed",h–In2O3-R,10.1126/sciadv.aaz2060 | 50 bar | H2/CO2 3.04 | 9 NL/g/h,temperature,360.0,°C (from K),,,Figure 5B and Figure 5C,7,main,,pdf/Dang_2020_Rationally designed indium oxide catalysts for CO 2 hydrogenation to methanol wi.pdf,si/10_1126_sciadv_aaz2060__si1.pdf,,,,,
49,10.1126/sciadv.aaz2060,"Fig. 5B/C, h–In2O3-R, 360°C, standard feed",h–In2O3-R,10.1126/sciadv.aaz2060 | 50 bar | H2/CO2 3.04 | 9 NL/g/h,CO2 conversion,15.4,%,=,mixed,Figure 5B and Figure 5C,7,main,,pdf/Dang_2020_Rationally designed indium oxide catalysts for CO 2 hydrogenation to methanol wi.pdf,si/10_1126_sciadv_aaz2060__si1.pdf,,,,,
50,10.1126/sciadv.aaz2060,"Fig. 5B/C, h–In2O3-R, 360°C, standard feed",h–In2O3-R,10.1126/sciadv.aaz2060 | 50 bar | H2/CO2 3.04 | 9 NL/g/h,pressure,50.0,bar,,,Figure 5B and Figure 5C,7,main,,pdf/Dang_2020_Rationally designed indium oxide catalysts for CO 2 hydrogenation to methanol wi.pdf,si/10_1126_sciadv_aaz2060__si1.pdf,,,,,
51,10.1039/c5cy00372e,Table 6 row CHT-Y0.1,CHT-Y0.1,10.1039/c5cy00372e | 50 bar | H2/CO2 3.04 | 10 NL/g/h,temperature,229.85,°C (from K),,,Table 6,11,main,,pdf/Gao_2015_Yttrium oxide modified CuZnOAl 2 O 3 catalysts via hydrotalcite-like precursors.pdf,si/10_1039_c5cy00372e__si1.pdf; si/10_1039_c5cy00372e__si2.pdf,,,,,
52,10.1039/c5cy00372e,Table 6 row CHT-Y0.5,CHT-Y0.5,10.1039/c5cy00372e | 50 bar | H2/CO2 3.04 | 10 NL/g/h,CO selectivity,33.1,%,=,table,Table 6,11,main,,pdf/Gao_2015_Yttrium oxide modified CuZnOAl 2 O 3 catalysts via hydrotalcite-like precursors.pdf,si/10_1039_c5cy00372e__si1.pdf; si/10_1039_c5cy00372e__si2.pdf,,,,,
53,10.1039/c5cy00372e,Table 6 row CHT-Y0.05,CHT-Y0.05,10.1039/c5cy00372e | 50 bar | H2/CO2 3.04 | 10 NL/g/h,CH4 selectivity,0.2,%,=,table,Table 6,11,main,,pdf/Gao_2015_Yttrium oxide modified CuZnOAl 2 O 3 catalysts via hydrotalcite-like precursors.pdf,si/10_1039_c5cy00372e__si1.pdf; si/10_1039_c5cy00372e__si2.pdf,,,,,
54,10.1039/c5cy00372e,Table 6 row CHT-Y0,CHT-Y0,10.1039/c5cy00372e | 50 bar | H2/CO2 3.04 | 10 NL/g/h,CO selectivity,41.6,%,=,table,Table 6,11,main,,pdf/Gao_2015_Yttrium oxide modified CuZnOAl 2 O 3 catalysts via hydrotalcite-like precursors.pdf,si/10_1039_c5cy00372e__si1.pdf; si/10_1039_c5cy00372e__si2.pdf,,,,,
55,10.1039/c5cy00372e,Table 6 row CHT-Y0.2,CHT-Y0.2,10.1039/c5cy00372e | 50 bar | H2/CO2 3.04 | 10 NL/g/h,CH3OH selectivity,70.5,%,=,table,Table 6,11,main,,pdf/Gao_2015_Yttrium oxide modified CuZnOAl 2 O 3 catalysts via hydrotalcite-like precursors.pdf,si/10_1039_c5cy00372e__si1.pdf; si/10_1039_c5cy00372e__si2.pdf,,,,,
56,10.1039/c5cy00372e,Table 6 row CHT-Y0,CHT-Y0,10.1039/c5cy00372e | 50 bar | H2/CO2 3.04 | 10 NL/g/h,CH3OH selectivity,58.1,%,=,table,Table 6,11,main,,pdf/Gao_2015_Yttrium oxide modified CuZnOAl 2 O 3 catalysts via hydrotalcite-like precursors.pdf,si/10_1039_c5cy00372e__si1.pdf; si/10_1039_c5cy00372e__si2.pdf,,,,,
57,10.1039/c5cy00372e,Table 6 row CHT-Y0.2,CHT-Y0.2,10.1039/c5cy00372e | 50 bar | H2/CO2 3.04 | 10 NL/g/h,CH4 selectivity,0.1,%,=,table,Table 6,11,main,,pdf/Gao_2015_Yttrium oxide modified CuZnOAl 2 O 3 catalysts via hydrotalcite-like precursors.pdf,si/10_1039_c5cy00372e__si1.pdf; si/10_1039_c5cy00372e__si2.pdf,,,,,
58,10.1039/c5cy00372e,Table 6 row CHT-Y0,CHT-Y0,10.1039/c5cy00372e | 50 bar | H2/CO2 3.04 | 10 NL/g/h,CH4 selectivity,0.3,%,=,table,Table 6,11,main,,pdf/Gao_2015_Yttrium oxide modified CuZnOAl 2 O 3 catalysts via hydrotalcite-like precursors.pdf,si/10_1039_c5cy00372e__si1.pdf; si/10_1039_c5cy00372e__si2.pdf,,,,,
59,10.1039/c5cy00372e,Table 6 row CHT-Y0.1,CHT-Y0.1,10.1039/c5cy00372e | 50 bar | H2/CO2 3.04 | 10 NL/g/h,STY (printed),0.39 g gcat−1 h−1,as printed,=,table,Table 6,11,main,,pdf/Gao_2015_Yttrium oxide modified CuZnOAl 2 O 3 catalysts via hydrotalcite-like precursors.pdf,si/10_1039_c5cy00372e__si1.pdf; si/10_1039_c5cy00372e__si2.pdf,,,,,
60,10.1039/c5cy00372e,Table 6 row CHT-Y0,CHT-Y0,10.1039/c5cy00372e | 50 bar | H2/CO2 3.04 | 10 NL/g/h,pressure,50.0,bar,,,Table 6,11,main,,pdf/Gao_2015_Yttrium oxide modified CuZnOAl 2 O 3 catalysts via hydrotalcite-like precursors.pdf,si/10_1039_c5cy00372e__si1.pdf; si/10_1039_c5cy00372e__si2.pdf,,,,,
61,10.1016/j.apcatb.2017.06.069,"SI Table S1, In2O3 This work",In2O3,10.1016/j.apcatb.2017.06.069 | 50 bar | H2/CO2 4 | 21 NL/g/h,temperature,300.0,°C (from K),,,SI Table S1,2,si,H2_CO2<-figures;cat_mass_g<-figures,pdf/Rui_2017_CO2 hydrogenation to methanol over PdIn2O3 effects of Pd and oxygen vacancy.pdf,si/10_1016_j_apcatb_2017_06_069__mmc1.docx,,,,,
62,10.1016/j.apcatb.2017.06.069,"SI Table S1, In2O3 This work",In2O3,10.1016/j.apcatb.2017.06.069 | 50 bar | H2/CO2 4 | 21 NL/g/h,STY (printed),0.352 gMeOH h-1 gcat-1,as printed,=,SI,SI Table S1,2,si,H2_CO2<-figures;cat_mass_g<-figures,pdf/Rui_2017_CO2 hydrogenation to methanol over PdIn2O3 effects of Pd and oxygen vacancy.pdf,si/10_1016_j_apcatb_2017_06_069__mmc1.docx,,,,,
63,10.1016/j.apcatb.2017.06.069,"SI Table S2, Pd-I/In2O3 This work",Pd-I/In2O3,10.1016/j.apcatb.2017.06.069 | 50 bar | H2/CO2 4 | 21 NL/g/h,CH3OH selectivity,72.7,%,=,SI,SI Table S2,3,si,H2_CO2<-figures;cat_mass_g<-figures;metal_wt_pct<-figures,pdf/Rui_2017_CO2 hydrogenation to methanol over PdIn2O3 effects of Pd and oxygen vacancy.pdf,si/10_1016_j_apcatb_2017_06_069__mmc1.docx,,,,,
64,10.1016/j.apcatb.2017.06.069,"SI Table S2, Pd-I/In2O3 This work",Pd-I/In2O3,10.1016/j.apcatb.2017.06.069 | 50 bar | H2/CO2 4 | 21 NL/g/h,pressure,50.0,bar,,,SI Table S2,3,si,H2_CO2<-figures;cat_mass_g<-figures;metal_wt_pct<-figures,pdf/Rui_2017_CO2 hydrogenation to methanol over PdIn2O3 effects of Pd and oxygen vacancy.pdf,si/10_1016_j_apcatb_2017_06_069__mmc1.docx,,,,,
65,10.1016/j.apcatb.2017.06.069,"SI Table S2, Pd-I/In2O3 This work",Pd-I/In2O3,10.1016/j.apcatb.2017.06.069 | 50 bar | H2/CO2 4 | 21 NL/g/h,temperature,300.0,°C (from K),,,SI Table S2,3,si,H2_CO2<-figures;cat_mass_g<-figures;metal_wt_pct<-figures,pdf/Rui_2017_CO2 hydrogenation to methanol over PdIn2O3 effects of Pd and oxygen vacancy.pdf,si/10_1016_j_apcatb_2017_06_069__mmc1.docx,,,,,
66,10.1016/j.apcatb.2017.06.069,"SI Table S2, Pd-I/In2O3 This work",Pd-I/In2O3,10.1016/j.apcatb.2017.06.069 | 50 bar | H2/CO2 4 | 21 NL/g/h,CO2 conversion,18.4,%,=,SI,SI Table S2,3,si,H2_CO2<-figures;cat_mass_g<-figures;metal_wt_pct<-figures,pdf/Rui_2017_CO2 hydrogenation to methanol over PdIn2O3 effects of Pd and oxygen vacancy.pdf,si/10_1016_j_apcatb_2017_06_069__mmc1.docx,,,,,
67,10.1016/j.apcatb.2017.06.069,"SI Table S1, In2O3 This work",In2O3,10.1016/j.apcatb.2017.06.069 | 50 bar | H2/CO2 4 | 21 NL/g/h,pressure,50.0,bar,,,SI Table S1,2,si,H2_CO2<-figures;cat_mass_g<-figures,pdf/Rui_2017_CO2 hydrogenation to methanol over PdIn2O3 effects of Pd and oxygen vacancy.pdf,si/10_1016_j_apcatb_2017_06_069__mmc1.docx,,,,,
68,10.1016/j.apcatb.2017.06.069,"SI Table S2, Pd-I/In2O3 This work",Pd-I/In2O3,10.1016/j.apcatb.2017.06.069 | 50 bar | H2/CO2 4 | 21 NL/g/h,H2/CO2,4.0,mol/mol,,,SI Table S2,3,si,H2_CO2<-figures;cat_mass_g<-figures;metal_wt_pct<-figures,pdf/Rui_2017_CO2 hydrogenation to methanol over PdIn2O3 effects of Pd and oxygen vacancy.pdf,si/10_1016_j_apcatb_2017_06_069__mmc1.docx,,,,,
69,10.1016/j.apcatb.2017.06.069,"SI Table S1, In2O3 This work",In2O3,10.1016/j.apcatb.2017.06.069 | 50 bar | H2/CO2 4 | 21 NL/g/h,H2/CO2,4.0,mol/mol,,,SI Table S1,2,si,H2_CO2<-figures;cat_mass_g<-figures,pdf/Rui_2017_CO2 hydrogenation to methanol over PdIn2O3 effects of Pd and oxygen vacancy.pdf,si/10_1016_j_apcatb_2017_06_069__mmc1.docx,,,,,
70,10.1016/j.apcatb.2017.06.069,"SI Table S1, In2O3 This work",In2O3,10.1016/j.apcatb.2017.06.069 | 50 bar | H2/CO2 4 | 21 NL/g/h,CH3OH selectivity,71.2,%,=,SI,SI Table S1,2,si,H2_CO2<-figures;cat_mass_g<-figures,pdf/Rui_2017_CO2 hydrogenation to methanol over PdIn2O3 effects of Pd and oxygen vacancy.pdf,si/10_1016_j_apcatb_2017_06_069__mmc1.docx,,,,,
71,10.1002/ente.201800747,"SI Table S1, Cat-1.5, 300 °C",Cat-1.5,10.1002/ente.201800747 | 40 bar | H2/CO2 3 | 21.6 NL/g/h,STY (printed),0.074 gMeOH gcat-1 h-1,as printed,=,SI,SI Table S1,1,si,,pdf/Chen_2019_MorphologyControllable HexagonalPhase Indium Oxide In Situ Structured onto a Thi.pdf,si/10_1002_ente_201800747__si1.pdf,,,,,
72,10.1002/ente.201800747,"SI Table S1, H-In2O3/Al2O3, 325 °C",H-In2O3/Al2O3,10.1002/ente.201800747 | 40 bar | H2/CO2 3 | 21.6 NL/g/h,pressure,40.0,bar,,,SI Table S1,1,si,,pdf/Chen_2019_MorphologyControllable HexagonalPhase Indium Oxide In Situ Structured onto a Thi.pdf,si/10_1002_ente_201800747__si1.pdf,,,,,
73,10.1002/ente.201800747,"Figure 4c/text, Cat-4.5 at 325 °C",Cat-4.5,10.1002/ente.201800747 | 40 bar | H2/CO2 3 | 21.6 NL/g/h,pressure,40.0,bar,,,Figure 4c and text in Section 2.2,4,main,S_CO<-si;S_CH4<-si,pdf/Chen_2019_MorphologyControllable HexagonalPhase Indium Oxide In Situ Structured onto a Thi.pdf,si/10_1002_ente_201800747__si1.pdf,,,,,
74,10.1002/ente.201800747,"SI Table S1, H-In2O3/Al2O3, 325 °C",H-In2O3/Al2O3,10.1002/ente.201800747 | 40 bar | H2/CO2 3 | 21.6 NL/g/h,STY (printed),0.109 gMeOH gcat-1 h-1,as printed,=,SI,SI Table S1,1,si,,pdf/Chen_2019_MorphologyControllable HexagonalPhase Indium Oxide In Situ Structured onto a Thi.pdf,si/10_1002_ente_201800747__si1.pdf,,,,,
75,10.1002/ente.201800747,"SI Table S1, H-In2O3/Al2O3, 250 °C",H-In2O3/Al2O3,10.1002/ente.201800747 | 40 bar | H2/CO2 3 | 21.6 NL/g/h,CO selectivity,6.8,%,=,SI,SI Table S1,1,si,,pdf/Chen_2019_MorphologyControllable HexagonalPhase Indium Oxide In Situ Structured onto a Thi.pdf,si/10_1002_ente_201800747__si1.pdf,,,,,
76,10.1002/ente.201800747,"Figure 4c, Cat-3.0 at 325 °C",Cat-3.0,10.1002/ente.201800747 | 40 bar | H2/CO2 3 | 21.6 NL/g/h,CO2 conversion,3.4,%,=,SI,Figure 4c,4,main,X_CO2<-si;S_MeOH<-si;S_CO<-si;S_CH4<-si;STY<-si;GHSV<-si;H2_CO2<-si;cat_mass_g<-si,pdf/Chen_2019_MorphologyControllable HexagonalPhase Indium Oxide In Situ Structured onto a Thi.pdf,si/10_1002_ente_201800747__si1.pdf,,,,,
77,10.1002/ente.201800747,"SI Table S1, Cat-4.5, 250 °C",Cat-4.5,10.1002/ente.201800747 | 40 bar | H2/CO2 3 | 21.6 NL/g/h,CH4 selectivity,0.0,%,=,SI,SI Table S1,1,si,,pdf/Chen_2019_MorphologyControllable HexagonalPhase Indium Oxide In Situ Structured onto a Thi.pdf,si/10_1002_ente_201800747__si1.pdf,,,,,
78,10.1002/ente.201800747,"SI Table S1, Cat-4.5, 275 °C",Cat-4.5,10.1002/ente.201800747 | 40 bar | H2/CO2 3 | 21.6 NL/g/h,CH3OH selectivity,91.6,%,=,SI,SI Table S1,1,si,,pdf/Chen_2019_MorphologyControllable HexagonalPhase Indium Oxide In Situ Structured onto a Thi.pdf,si/10_1002_ente_201800747__si1.pdf,,,,,
79,10.1002/ente.201800747,"SI Table S1, In2O3-IWI/Al2O3/Al-fiber, 350 °C",In2O3-IWI/Al2O3/Al-fiber,10.1002/ente.201800747 | 40 bar | H2/CO2 3 | 21.6 NL/g/h,H2/CO2,3.0,mol/mol,,,SI Table S1,1,si,,pdf/Chen_2019_MorphologyControllable HexagonalPhase Indium Oxide In Situ Structured onto a Thi.pdf,si/10_1002_ente_201800747__si1.pdf,,,,,
80,10.1002/ente.201800747,"SI Table S1, H-In2O3/Al2O3, 250 °C",H-In2O3/Al2O3,10.1002/ente.201800747 | 40 bar | H2/CO2 3 | 21.6 NL/g/h,STY (printed),0.051 gMeOH gcat-1 h-1,as printed,=,SI,SI Table S1,1,si,,pdf/Chen_2019_MorphologyControllable HexagonalPhase Indium Oxide In Situ Structured onto a Thi.pdf,si/10_1002_ente_201800747__si1.pdf,,,,,
81,10.1002/cctc.202000974,"SI Table S3, TiO2, 225 °C",TiO2,10.1002/cctc.202000974 | 20 bar | H2/CO2 3 | 3.6 NL/g/h,CH4 selectivity,0.0,%,=,SI,SI Table S3,10,si,,pdf/RuizEsquius_2020_CO 2 Hydrogenation to CH 3 OH over PdZn Catalysts with Reduced CH 4 Production.pdf,si/10_1002_cctc_202000974__si1.pdf,,,,,
82,10.1002/cctc.202000974,"Table 1 row 1, 225°C",Pd/TiO2,10.1002/cctc.202000974 | 20 bar | H2/CO2 3 | 3.6 NL/g/h,temperature,225.0,°C (from K),,,Table 1,3,main,GHSV<-si;cat_mass_g<-si,pdf/RuizEsquius_2020_CO 2 Hydrogenation to CH 3 OH over PdZn Catalysts with Reduced CH 4 Production.pdf,si/10_1002_cctc_202000974__si1.pdf,,,,,
83,10.1002/cctc.202000974,"SI Table S3, ZnTiO3, 250 °C",ZnTiO3,10.1002/cctc.202000974 | 20 bar | H2/CO2 3 | 3.6 NL/g/h,CO selectivity,70.0,%,=,SI,SI Table S3,10,si,,pdf/RuizEsquius_2020_CO 2 Hydrogenation to CH 3 OH over PdZn Catalysts with Reduced CH 4 Production.pdf,si/10_1002_cctc_202000974__si1.pdf,,,,,
84,10.1002/cctc.202000974,"Figure 1, Pd/ZnO, 175°C",Pd/ZnO,10.1002/cctc.202000974 | 20 bar | H2/CO2 3 | 3.6 NL/g/h,CH3OH selectivity,69.0,%,=,SI,Figure 1,4,main,X_CO2<-si;S_MeOH<-si;S_CO<-si;S_CH4<-si;GHSV<-si;H2_CO2<-si;cat_mass_g<-si;metal_wt_pct<-figures,pdf/RuizEsquius_2020_CO 2 Hydrogenation to CH 3 OH over PdZn Catalysts with Reduced CH 4 Production.pdf,si/10_1002_cctc_202000974__si1.pdf,,,,,
85,10.1002/cctc.202000974,"SI Table S2, Pd/ZnTiO3, 200 °C",Pd/ZnTiO3,10.1002/cctc.202000974 | 20 bar | H2/CO2 3 | 3.6 NL/g/h,H2/CO2,3.0,mol/mol,,,SI Table S2,9,si,,pdf/RuizEsquius_2020_CO 2 Hydrogenation to CH 3 OH over PdZn Catalysts with Reduced CH 4 Production.pdf,si/10_1002_cctc_202000974__si1.pdf,,,,,
86,10.1002/cctc.202000974,"SI Table S2, Pd/TiO2, 250 °C",Pd/TiO2,10.1002/cctc.202000974 | 20 bar | H2/CO2 3 | 3.6 NL/g/h,CO selectivity,91.4,%,=,SI,SI Table S2,8,si,,pdf/RuizEsquius_2020_CO 2 Hydrogenation to CH 3 OH over PdZn Catalysts with Reduced CH 4 Production.pdf,si/10_1002_cctc_202000974__si1.pdf,,,,,
87,10.1002/cctc.202000974,"SI Table S3, TiO2, 200 °C",TiO2,10.1002/cctc.202000974 | 20 bar | H2/CO2 3 | 3.6 NL/g/h,temperature,200.0,°C (from K),,,SI Table S3,10,si,,pdf/RuizEsquius_2020_CO 2 Hydrogenation to CH 3 OH over PdZn Catalysts with Reduced CH 4 Production.pdf,si/10_1002_cctc_202000974__si1.pdf,,,,,
88,10.1002/cctc.202000974,"SI Table S3, ZnO, 250 °C",ZnO,10.1002/cctc.202000974 | 20 bar | H2/CO2 3 | 3.6 NL/g/h,CH4 selectivity,0.0,%,=,SI,SI Table S3,10,si,,pdf/RuizEsquius_2020_CO 2 Hydrogenation to CH 3 OH over PdZn Catalysts with Reduced CH 4 Production.pdf,si/10_1002_cctc_202000974__si1.pdf,,,,,
89,10.1002/cctc.202000974,"Text, physical mixture Pd/ZnO and TiO2, 250°C",physical mixture of Pd/ZnO and TiO2,10.1002/cctc.202000974 | 20 bar | H2/CO2 3 | 3.6 NL/g/h,CO selectivity,73.3,%,=,SI,Results text,3,main,X_CO2<-si;S_MeOH<-si;S_CO<-si;S_CH4<-si;GHSV<-si;cat_mass_g<-si,pdf/RuizEsquius_2020_CO 2 Hydrogenation to CH 3 OH over PdZn Catalysts with Reduced CH 4 Production.pdf,si/10_1002_cctc_202000974__si1.pdf,,,,,
90,10.1002/cctc.202000974,"Table 1 row 2, 225°C",Pd/ZnO,10.1002/cctc.202000974 | 20 bar | H2/CO2 3 | 3.6 NL/g/h,H2/CO2,3.0,mol/mol,,,Table 1,3,main,GHSV<-si;cat_mass_g<-si;metal_wt_pct<-figures,pdf/RuizEsquius_2020_CO 2 Hydrogenation to CH 3 OH over PdZn Catalysts with Reduced CH 4 Production.pdf,si/10_1002_cctc_202000974__si1.pdf,,,,,
91,10.1016/j.jcat.2012.05.020,"Table 2, PdMgGa",PdMgGa,10.1016/j.jcat.2012.05.020 | 30 bar | H2/CO2 3 | 13.4 NL/g/h,CO2 conversion,1.0,%,=,table,Table 2,11,main,,pdf/Ota_2012_Comparative study of hydrotalcite-derived supported Pd2Ga and PdZn intermetallic.pdf,si/10_1016_j_jcat_2012_05_020__mmc1.pdf,,,,,
92,10.1016/j.jcat.2012.05.020,"Table 2, PdMgAl",PdMgAl,10.1016/j.jcat.2012.05.020 | 30 bar | H2/CO2 3 | 13.4 NL/g/h,CO2 conversion,0.3,%,=,table,Table 2,11,main,,pdf/Ota_2012_Comparative study of hydrotalcite-derived supported Pd2Ga and PdZn intermetallic.pdf,si/10_1016_j_jcat_2012_05_020__mmc1.pdf,,,,,
93,10.1016/j.jcat.2012.05.020,"Table 2, PdZnAl",PdZnAl,10.1016/j.jcat.2012.05.020 | 30 bar | H2/CO2 3 | 13.4 NL/g/h,CH4 selectivity,0.1,%,<,table,Table 2,11,main,,pdf/Ota_2012_Comparative study of hydrotalcite-derived supported Pd2Ga and PdZn intermetallic.pdf,si/10_1016_j_jcat_2012_05_020__mmc1.pdf,,,,,
94,10.1016/j.jcat.2012.05.020,"Table 2, PdZnAl",PdZnAl,10.1016/j.jcat.2012.05.020 | 30 bar | H2/CO2 3 | 13.4 NL/g/h,temperature,249.85,°C (from K),,,Table 2,11,main,,pdf/Ota_2012_Comparative study of hydrotalcite-derived supported Pd2Ga and PdZn intermetallic.pdf,si/10_1016_j_jcat_2012_05_020__mmc1.pdf,,,,,
95,10.1016/j.jcat.2012.05.020,"Table 2, PdZnAl",PdZnAl,10.1016/j.jcat.2012.05.020 | 30 bar | H2/CO2 3 | 13.4 NL/g/h,H2/CO2,3.0,mol/mol,,,Table 2,11,main,,pdf/Ota_2012_Comparative study of hydrotalcite-derived supported Pd2Ga and PdZn intermetallic.pdf,si/10_1016_j_jcat_2012_05_020__mmc1.pdf,,,,,
96,10.1016/j.jcat.2012.05.020,"Table 2, PdMgGa",PdMgGa,10.1016/j.jcat.2012.05.020 | 30 bar | H2/CO2 3 | 13.4 NL/g/h,H2/CO2,3.0,mol/mol,,,Table 2,11,main,,pdf/Ota_2012_Comparative study of hydrotalcite-derived supported Pd2Ga and PdZn intermetallic.pdf,si/10_1016_j_jcat_2012_05_020__mmc1.pdf,,,,,
97,10.1016/j.jcat.2012.05.020,"Table 2, PdMgAl",PdMgAl,10.1016/j.jcat.2012.05.020 | 30 bar | H2/CO2 3 | 13.4 NL/g/h,temperature,249.85,°C (from K),,,Table 2,11,main,,pdf/Ota_2012_Comparative study of hydrotalcite-derived supported Pd2Ga and PdZn intermetallic.pdf,si/10_1016_j_jcat_2012_05_020__mmc1.pdf,,,,,
98,10.1016/j.jcat.2012.05.020,"Table 2, PdMgGa",PdMgGa,10.1016/j.jcat.2012.05.020 | 30 bar | H2/CO2 3 | 13.4 NL/g/h,temperature,249.85,°C (from K),,,Table 2,11,main,,pdf/Ota_2012_Comparative study of hydrotalcite-derived supported Pd2Ga and PdZn intermetallic.pdf,si/10_1016_j_jcat_2012_05_020__mmc1.pdf,,,,,
99,10.1016/j.jcat.2012.05.020,"Table 2, PdMgAl",PdMgAl,10.1016/j.jcat.2012.05.020 | 30 bar | H2/CO2 3 | 13.4 NL/g/h,STY (printed),0.3 µmol/min gcat,as printed,=,table,Table 2,11,main,,pdf/Ota_2012_Comparative study of hydrotalcite-derived supported Pd2Ga and PdZn intermetallic.pdf,si/10_1016_j_jcat_2012_05_020__mmc1.pdf,,,,,
100,10.1016/j.jcat.2012.05.020,"Table 2, PdZnAl",PdZnAl,10.1016/j.jcat.2012.05.020 | 30 bar | H2/CO2 3 | 13.4 NL/g/h,CO2 conversion,0.6,%,=,table,Table 2,11,main,,pdf/Ota_2012_Comparative study of hydrotalcite-derived supported Pd2Ga and PdZn intermetallic.pdf,si/10_1016_j_jcat_2012_05_020__mmc1.pdf,,,,,
