element,atomic_mass,price_USD_per_kg_metal,year,usgs_quantity,usgs_value,usgs_unit,conversion,form_basis,source_pdf
Al,26.9815,3.9683,2025e,"Price, ingot, average U.S. market (spot)",180,cents per pound,x 2.20462 / 100,metal,mcs2026-aluminum.pdf
Bi,208.9804,44.092,2025e,"Price, average (99.99% metal, Rotterdam)",20,dollars per pound,x 2.20462,metal,mcs2026-bismuth.pdf
Cd,112.414,3.90,2025e,"Price, metal, annual average",3.90,dollars per kilogram,none,metal,mcs2026-cadmium.pdf
Cr,51.9961,13.007,2025e,"Chromium metal (gross weight)",5.90,dollars per pound,x 2.20462,metal,mcs2026-chromium.pdf
Ga,69.723,580,2025e,"Price, average unit value of imports",580,dollars per kilogram,none,metal,mcs2026-gallium.pdf
Hf,178.49,3800,2025e,"Hafnium, unwrought",3800,dollars per kilogram,none,metal,mcs2026-zirconium-hafnium.pdf
Hg,200.592,50,2024,"Price, average unit value of imports (2025 not available)",50,dollars per kilogram,none,metal,mcs2026-mercury.pdf
In,114.818,370,2025e,"Price, annual average, U.S. warehouse, free on board",370,dollars per kilogram,none,metal,mcs2026-indium.pdf
La,138.9055,1.1728,2025e,"Lanthanum oxide, 99.5% minimum",1.00,dollars per kilogram La2O3,/ 0.85268 (La mass fraction in La2O3),oxide (contained La),mcs2026-rare-earths.pdf
Mn,54.938,0.450,2025e,"Price, average, manganese content, CIF China",4.50,dollars per metric ton unit (10 kg Mn),/ 10,ore (contained Mn),mcs2026-manganese.pdf
Nb,92.9064,40.0,2025e,"Price, average unit value, ferroniobium (gross weight)",26,dollars per kilogram FeNb,/ 0.65 (Nb content of ferroniobium),ferroalloy (contained Nb),mcs2026-niobium.pdf
Pb,207.2,2.3369,2025e,"Price, average, North American",106,cents per pound,x 2.20462 / 100,metal,mcs2026-lead.pdf
Sc,44.9559,5200,2025e,"Scandium metal, ingot, 99.999%",5200,dollars per kilogram,none,metal,mcs2026-scandium.pdf
Sn,118.71,35.274,2025e,"Price, average, New York dealer",1600,cents per pound,x 2.20462 / 100,metal,mcs2026-tin.pdf
Ta,180.9479,219.78,2025e,"Price, tantalite, annual average",180,dollars per kilogram Ta2O5,/ 0.81897 (Ta mass fraction in Ta2O5),ore (contained Ta),mcs2026-tantalum.pdf
Ti,47.867,12.0,2025e,"Titanium sponge metal, price",12,dollars per kilogram,none,metal (sponge),mcs2026-titanium.pdf
Tl,204.3833,9300,2025e,"Price, metal",9300,dollars per kilogram,none,metal,mcs2026-thallium.pdf
V,50.9415,19.756,2025e,"Price, average, vanadium pentoxide",5.02,dollars per pound V2O5,x 2.20462 / 0.56017 (V mass fraction in V2O5),oxide (contained V),mcs2026-vanadium.pdf
Y,88.9058,40,2025e,"Yttrium metal, minimum 99.9% purity",40,dollars per kilogram,none,metal,mcs2026-yttrium.pdf
Zn,65.38,3.2849,2025e,"Price, average, North American",149,cents per pound,x 2.20462 / 100,metal,mcs2026-zinc.pdf
Zr,91.224,22,2025e,"Zirconium, sponge, ex-works China",22,dollars per kilogram,none,metal (sponge),mcs2026-zirconium-hafnium.pdf
