id,label,metal_wt,T_prered_C,T_C,P_bar,CO2_H2,h2_co2,GHSV_k,STY_per_g_metal,STY_per_g_cat,X,S_reported,SMeOH,SCO,SCH4,yield_XS,canonical_state,same_operating_point,flags
T4-01,1 wt% Re | red 250 C | 200 C | 100 bar | 1:4 | GHSV 10k,1.0,250.0,200.0,100.0,1:4,4.0,10.0,15.0,0.15,0.07,80/<1/20,0.8,0.0,0.2,0.05600000000000001,,True,prereduction 250 C
T4-02,1 wt% Re | red 250 C | 250 C | 100 bar | 1:4 | GHSV 10k,1.0,250.0,250.0,100.0,1:4,4.0,10.0,28.0,0.28,0.21,46/<1/53,0.46,0.01,0.53,0.0966,,True,prereduction 250 C
T4-03,1 wt% Re | red 500 C | 200 C | 100 bar | 1:4 | GHSV 10k,1.0,500.0,200.0,100.0,1:4,4.0,10.0,55.0,0.55,0.19,99/<1/<1,0.99,0.01,0.0,0.1881,1 wt% Re | 200 C,True,
T4-04,1 wt% Re | red 500 C | 250 C | 100 bar | 1:4 | GHSV 10k,1.0,500.0,250.0,100.0,1:4,4.0,10.0,65.0,0.65,0.23,97/1/1,0.97,0.02,0.01,0.2231,1 wt% Re | 250 C,True,
T4-05,5 wt% Re | red 250 C | 150 C | 100 bar | 1:4 | GHSV 10k,5.0,250.0,150.0,100.0,1:4,4.0,10.0,2.0,0.1,0.04,97/<1/3,0.97,0.0,0.03,0.0388,,True,prereduction 250 C
T4-06,5 wt% Re | red 250 C | 200 C | 100 bar | 1:4 | GHSV 10k,5.0,250.0,200.0,100.0,1:4,4.0,10.0,8.0,0.4,0.18,98/<1/2,0.98,0.0,0.02,0.1764,,True,prereduction 250 C
T4-07,5 wt% Re | red 250 C | 250 C | 100 bar | 1:4 | GHSV 10k,5.0,250.0,250.0,100.0,1:4,4.0,10.0,13.0,0.65,0.4,65/<1/35,0.65,0.0,0.35,0.26,,True,prereduction 250 C
T4-08,5 wt% Re | red 250 C | 250 C | 100 bar | 1:4 | GHSV 20k,5.0,250.0,250.0,100.0,1:4,4.0,20.0,30.0,1.5,0.29,89/1/11,0.89,0.0,0.11,0.2581,,True,GHSV 20k; prereduction 250 C
T4-09,5 wt% Re | red 250 C | 250 C | 100 bar | 1:4 | GHSV 40k,5.0,250.0,250.0,100.0,1:4,4.0,40.0,49.0,2.45,0.22,94/1/5,0.94,0.01,0.05,0.20679999999999998,,True,GHSV 40k; prereduction 250 C
T4-10,5 wt% Re | red 500 C | 250 C | 100 bar | 1:4 | GHSV 10k,5.0,500.0,250.0,100.0,1:4,4.0,10.0,16.0,0.8,0.4,74/1/25,0.74,0.01,0.25,0.296,5 wt% Re | 250 C,True,
T4-11,5 wt% Re | red 500 C | 200 C | 100 bar | 1:4 | GHSV 10k,5.0,500.0,200.0,100.0,1:4,4.0,10.0,18.0,0.9,0.33,97/<1/3,0.97,0.0,0.03,0.3201,5 wt% Re | 200 C,True,
T4-12,5 wt% Re | red 500 C | 200 C | 100 bar | 1:4 | GHSV 20k,5.0,500.0,200.0,100.0,1:4,4.0,20.0,37.0,1.85,0.33,98/<1/2,0.98,0.0,0.02,0.3234,,True,GHSV 20k
T4-13,5 wt% Re | red 500 C | 200 C | 100 bar | 1:4 | GHSV 30k,5.0,500.0,200.0,100.0,1:4,4.0,30.0,48.0,2.4,0.28,99/<1/1,0.99,0.0,0.01,0.2772,,True,GHSV 30k
T4-14,5 wt% Re | red 500 C | 200 C | 100 bar | 1:4 | GHSV 40k,5.0,500.0,200.0,100.0,1:4,4.0,40.0,59.0,2.95,0.26,99/<1/1,0.99,0.0,0.01,0.2574,,True,GHSV 40k
T4-15,5 wt% Re | red 500 C | 200 C | 80 bar | 1:4 | GHSV 20k,5.0,500.0,200.0,80.0,1:4,4.0,20.0,20.0,1.0,0.17,99/<1/1,0.99,0.0,0.01,0.1683,,False,P 80 bar; GHSV 20k
T4-16,5 wt% Re | red 500 C | 200 C | 60 bar | 1:4 | GHSV 20k,5.0,500.0,200.0,60.0,1:4,4.0,20.0,16.0,0.8,0.14,98/<1/1,0.98,0.01,0.01,0.13720000000000002,,False,P 60 bar; GHSV 20k
T4-17,5 wt% Re | red 500 C | 200 C | 40 bar | 1:4 | GHSV 20k,5.0,500.0,200.0,40.0,1:4,4.0,20.0,9.0,0.45,0.08,98/1/1,0.98,0.01,0.01,0.0784,,False,P 40 bar; GHSV 20k
T4-18,5 wt% Re | red 500 C | 200 C | 20 bar | 1:4 | GHSV 20k,5.0,500.0,200.0,20.0,1:4,4.0,20.0,6.0,0.3,0.05,98/1/1,0.98,0.01,0.01,0.049,,False,P 20 bar; GHSV 20k
T4-19,5 wt% Re | red 500 C | 200 C | 100 bar | 1:3 | GHSV 20k,5.0,500.0,200.0,100.0,1:3,3.0,20.0,32.0,1.6,0.22,98/<1/1,0.98,0.01,0.01,0.21559999999999999,,False,CO2:H2 1:3; GHSV 20k
T4-20,5 wt% Re | red 500 C | 200 C | 100 bar | 1:2 | GHSV 20k,5.0,500.0,200.0,100.0,1:2,2.0,20.0,35.0,1.75,0.18,98/1/2,0.98,0.0,0.02,0.1764,,False,CO2:H2 1:2; GHSV 20k
T4-21,5 wt% Re | red 500 C | 200 C | 100 bar | 1:1 | GHSV 20k,5.0,500.0,200.0,100.0,1:1,1.0,20.0,36.0,1.8,0.13,96/2/2,0.96,0.02,0.02,0.1248,,False,CO2:H2 1:1; GHSV 20k
