id,canonical_state,treatment,frozen,agent,abs_diff
T4-21,,inert,928.2649354,928.2649354,1.136868377e-13
T4-21,,rec,920.970528,920.970528,1.136868377e-13
T4-20,,inert,931.5719228,931.5719228,1.136868377e-13
T4-20,,rec,931.5719228,931.5719228,1.136868377e-13
T4-19,,inert,935.4199066,935.4199066,0
T4-19,,rec,932.6548626,932.6548626,0
T4-01,,inert,1488.302075,1488.302075,0
T4-01,,rec,1488.302075,1488.302075,0
T4-02,,inert,2213.62062,2213.62062,0
T4-02,,rec,2213.315376,2213.315376,0
T4-03,1 wt% Re | 200 C,inert,966.9637967,966.9637967,1.136868377e-13
T4-03,1 wt% Re | 200 C,rec,965.761883,965.761883,0
T4-04,1 wt% Re | 250 C,inert,961.5094971,961.5094971,1.136868377e-13
T4-04,1 wt% Re | 250 C,rec,957.6834423,957.6834423,0
T4-05,,inert,1445.369088,1445.369088,0
T4-05,,rec,1445.369088,1445.369088,0
T4-06,,inert,993.1794238,993.1794238,1.136868377e-13
T4-06,,rec,993.1794238,993.1794238,1.136868377e-13
T4-07,,inert,1462.408408,1462.408408,0
T4-07,,rec,1462.408408,1462.408408,0
T4-10,5 wt% Re | 250 C,inert,1258.170256,1258.170256,2.273736754e-13
T4-10,5 wt% Re | 250 C,rec,1250.32662,1250.32662,2.273736754e-13
T4-11,5 wt% Re | 200 C,inert,943.3025005,943.3025005,1.136868377e-13
T4-11,5 wt% Re | 200 C,rec,943.3025005,943.3025005,1.136868377e-13
T4-08,,inert,1050.702412,1050.702412,0
T4-08,,rec,1050.702412,1050.702412,0
T4-12,,inert,930.1103029,930.1103029,0
T4-12,,rec,930.1103029,930.1103029,0
T4-13,,inert,930.9632775,930.9632775,0
T4-13,,rec,930.9632775,930.9632775,0
T4-09,,inert,1004.74025,1004.74025,1.136868377e-13
T4-09,,rec,1004.74025,1004.74025,1.136868377e-13
T4-14,,inert,936.8413809,936.8413809,1.136868377e-13
T4-14,,rec,936.8413809,936.8413809,1.136868377e-13
T4-18,,inert,1279.759266,1279.759266,0
T4-18,,rec,1279.759266,1279.759266,0
T4-17,,inert,1118.159833,1118.159833,0
T4-17,,rec,1118.159833,1118.159833,0
T4-16,,inert,1007.273855,1007.273855,0
T4-16,,rec,1007.273855,1007.273855,0
T4-15,,inert,980.0888783,980.0888783,0
T4-15,,rec,980.0888783,980.0888783,0
