input_set,scale,P_winner_first,P_second_third_inverted,P_full_order_retained,P_upstream_winner_first,P_econ_eq_upstream
canonical,0.0,1.0,0.0,1.0,0.0,0.0
canonical,0.25,1.0,0.023,0.977,0.0,0.0
canonical,0.5,0.9926,0.107,0.8856,0.0074,0.0
canonical,0.75,0.9554,0.171,0.7852,0.0438,0.001
canonical,1.0,0.9118,0.2108,0.7066,0.0826,0.0048
canonical,1.25,0.877,0.2454,0.6468,0.1078,0.0084
canonical,1.5,0.8412,0.2708,0.5978,0.1314,0.0136
canonical,1.75,0.8102,0.2896,0.563,0.1474,0.0182
canonical,2.0,0.7838,0.3046,0.533,0.1624,0.0222
canonical,2.25,0.7618,0.316,0.5082,0.1758,0.024
canonical,2.5,0.743,0.3252,0.4898,0.185,0.0282
canonical,2.75,0.7228,0.334,0.4702,0.1958,0.028
canonical,3.0,0.7044,0.341,0.4508,0.2082,0.0304
canonical,3.25,0.6874,0.35,0.4352,0.2146,0.0324
canonical,3.5,0.6698,0.3558,0.4186,0.225,0.0348
canonical,3.75,0.6514,0.3618,0.4032,0.2342,0.036
canonical,4.0,0.6374,0.3664,0.3908,0.2412,0.0382
