Re_wt,T_prered_C,T_rxn_C,P_bar,CO2_H2,STY_gMeOH_gRe_h,S_MeOH_pct,S_CO_pct,S_CH4_pct,X_CO2_pct,GHSV_1e3_mL_gcat_h
1,250,200,100,1:4,15,80,<1,20,7,10
1,250,250,100,1:4,28,46,<1,53,21,10
1,500,200,100,1:4,55,99,<1,<1,19,10
1,500,250,100,1:4,65,97,1,1,23,10
5,250,150,100,1:4,2,97,<1,3,4,10
5,250,200,100,1:4,8,98,<1,2,18,10
5,250,250,100,1:4,13,65,<1,35,40,10
5,250,250,100,1:4,30,89,1,11,29,20
5,250,250,100,1:4,49,94,1,5,22,40
5,500,250,100,1:4,16,74,1,25,40,10
5,500,200,100,1:4,18,97,<1,3,33,10
5,500,200,100,1:4,37,98,<1,2,33,20
5,500,200,100,1:4,48,99,<1,1,28,30
5,500,200,100,1:4,59,99,<1,1,26,40
5,500,200,80,1:4,20,99,<1,1,17,20
5,500,200,60,1:4,16,98,<1,1,14,20
5,500,200,40,1:4,9,98,1,1,8,20
5,500,200,20,1:4,6,98,1,1,5,20
5,500,200,100,1:3,32,98,<1,1,22,20
5,500,200,100,1:2,35,98,1,2,18,20
5,500,200,100,1:1,36,96,2,2,13,20
