claim_id,manuscript_location,claim_or_metric,canonical_value,primary_source,generator_or_raw_evidence,audit_status,figure_lock
NH3_RANK_01,Results_3.1,atomic_top3,Ru > Os > Fe,data/canonical_results_2026-09-06.csv,provenance/nh3_final_1_1/source_harness/outputs/nh3_final_20260905T134204Z/results.json + artifacts/nh3_final_1_1_provenance/VALIDATION_REPORT.md,A,LOCKED_F1
NH3_RANK_02,Results_3.1,economic_top3,Fe > Ru > Os,data/canonical_results_2026-09-06.csv,provenance/nh3_final_1_1/source_harness/outputs/nh3_final_20260905T134204Z/results.json + artifacts/nh3_final_1_1_provenance/VALIDATION_REPORT.md,A,LOCKED_F1
NH3_COST_01,Results_3.1,Fe_Ru_Os_cost_USD_t,15.292 / 22.031 / 25.832,data/canonical_results_2026-09-06.csv,provenance/nh3_final_1_1/source_harness/outputs/nh3_final_20260905T134204Z/closure/headline_1_1.json + provenance/nh3_final_1_1/source_harness/outputs/nh3_final_20260905T134204Z/results.json,A,LOCKED_F1
NH3_RHO_01,Results_3.1,Top3_Spearman,-0.50,data/canonical_results_2026-09-06.csv,provenance/nh3_final_1_1/source_harness/outputs/nh3_final_20260905T134204Z/closure/rolling_topk_rho_tau.csv,A,LOCKED_F2
NH3_RHO_02,Results_3.1,Top3_Kendall,-0.33,data/canonical_results_2026-09-06.csv,provenance/nh3_final_1_1/source_harness/outputs/nh3_final_20260905T134204Z/closure/rolling_topk_rho_tau.csv,A,LOCKED_F2
NH3_RHO_03,Results_3.1,Full15_raw_Spearman,0.929,data/canonical_results_2026-09-06.csv,provenance/nh3_final_1_1/source_harness/outputs/nh3_final_20260905T134204Z/closure/rolling_topk_rho_tau.csv + provenance/nh3_final_1_1/source_harness/outputs/nh3_final_20260905T134204Z/results.json,A,LOCKED_F2
NH3_MC_01,Results_3.2,Fe_feasibility,0.799,data/canonical_results_2026-09-06.csv,provenance/nh3_final_1_1/source_harness/outputs/nh3_final_20260905T134204Z/closure/mc_draws.csv + provenance/nh3_final_1_1/source_harness/outputs/nh3_final_20260905T134204Z/closure/mc_detail.json,A,LOCKED_F3
NH3_MC_02,Results_3.2,Fe_Top1_survival,0.282,data/canonical_results_2026-09-06.csv,provenance/nh3_final_1_1/source_harness/outputs/nh3_final_20260905T134204Z/closure/mc_draws.csv + provenance/nh3_final_1_1/source_harness/outputs/nh3_final_20260905T134204Z/closure/mc_detail.json,A,LOCKED_F3
NH3_MC_03,Results_3.2,Fe_Top3_actionable,0.940,data/canonical_results_2026-09-06.csv,provenance/nh3_final_1_1/source_harness/outputs/nh3_final_20260905T134204Z/closure/mc_draws.csv + provenance/nh3_final_1_1/source_harness/outputs/nh3_final_20260905T134204Z/closure/mc_detail.json,A,LOCKED_F3
NH3_BWD_01,Results_3.3,Ru_activity_break_even_fold,201.22,data/canonical_results_2026-09-06.csv,provenance/nh3_final_1_1/source_harness/outputs/nh3_final_20260905T134204Z/closure/breakeven_sweep.csv,A,LOCKED_F5
NH3_SCALE_01,Results_3.3,headroom_673K_fold,1.090,data/canonical_results_2026-09-06.csv,provenance/nh3_final_1_1/source_harness/outputs/nh3_final_20260905T134204Z/closure/scaling_reachability.csv,A,LOCKED_F6
NH3_SCALE_02,Results_3.3,headroom_process_max_fold,2.525,data/canonical_results_2026-09-06.csv,provenance/nh3_final_1_1/source_harness/outputs/nh3_final_20260905T134204Z/closure/scaling_reachability.csv,A,LOCKED_F6
NH3_SCALE_03,Results_3.3,strict_scaling_Ru_min_cost,21.398 USD/t at E_N=-1.215 eV,data/canonical_results_2026-09-06.csv,provenance/nh3_final_1_1/source_harness/outputs/nh3_final_20260905T134204Z/closure/scaling_reachability.csv,A,LOCKED_F6
MEOH_RANK_01,Results_3.4,upstream_to_economic_rank,1%-250 > 1%-200 > 5%-200 > 5%-250 -> 5%-200 > 1%-200 > 1%-250 > 5%-250,data/meoh/meoh_candidate_ranking_D01v3.csv,data/meoh/MeOH_D01_ExplicitRecycleSeparationEconomics_v3.0.xlsx + data/meoh/make_meoh_ranking_figure.py,A,LOCKED_F7
MEOH_RHO_01,Results_3.4,Spearman_Kendall_inversions,0.20 / 0.00 / 3 of 6,data/meoh/meoh_candidate_ranking_D01v3.csv,data/meoh/make_meoh_ranking_figure.py,A,LOCKED_F7
MEOH_LEV_01,Results_3.4,STY_conversion_CH4_leverage,0.0028943 / 0.0588278 / 0.3757939,data/meoh/meoh_candidate_ranking_D01v3.csv,data/meoh/MeOH_D01_ExplicitRecycleSeparationEconomics_v3.0.xlsx + figures/meoh/render_F08_selectivity_recycle.R,A,LOCKED_F8
MEOH_PURGE_01,Results_3.4,purge_robustness,396 levels 0.5%-40%; max rho 0.40; min 2/6 inversions,data/meoh/meoh_purge_robustness_D01v3_summary.json,data/meoh/meoh_purge_robustness.py + figures/meoh/render_F08_selectivity_recycle.R,A,LOCKED_F8
CROSS_PATH_01,Results_3.5,cross_reaction_coupling_topology,NH3: intrinsic activity + metal cost -> inventory + preferred operating regime -> compression/reactor/equipment; MeOH: selectivity -> reactant loss/gas accumulation -> purge/recycle/compression,docs/FIGURE_MAP.md,NH3 FINAL-1.1 + Ru equal-price counterfactual + MEOH-D01-v3 pathway analysis,A,MAIN_FIG5_COMPOSITE
AU_RP_01,Results_3.6,V1.1_rank_preservation,2 > 3 > 4 > 5 > 6 nm; rho 1.000; tau 1.000; 0 inversions,data/rank_preservation_control_v1_1.csv,controls/au_tio2_rank_preservation_v1_1.py,A,LOCKED_F9B
AU_RP_02,Results_3.6,V1.1_full_preservation,10000/10000,docs/RANK_PRESERVATION_CONTROL_V1_1_RESULT.md,controls/au_tio2_rank_preservation_v1_1.py,A,LOCKED_F9B
AU_RP_03,Results_3.6,V1.1_6nm_over_2nm_burden,8.064x,data/rank_preservation_control_v1_1.csv,controls/au_tio2_rank_preservation_v1_1.py,A,LOCKED_F9B
AU_RP_04,Results_3.6,V1.3_primary_moderate,92.16% exact; mean rho 0.99214; rho>=0.9 99.98%,data/rank_preservation_semiopen_v1_3_summary.csv,data/rank_preservation_semiopen_v1_3.py,A,SUPPORTING
AGENT_V1_01,Results_3.7,V1_anonymous_full_decision,nano 6/35; mini 15/35; strong 35/35,data/cross_model_scores_2026-09-06.csv,data/cross_model_stats.py + provenance/discover_v1/source_harness/DISCOVER_FROZEN_V1.json + provenance/discover_v1/source_harness/DISCOVER_CROSS_MODEL_V1,A,F10_CONTEXT
AGENT_C1_01,Results_3.7,C1_175CU_full_decision,strong 19/20; mini 0/20; nano 0/20,data/discover_boundary_c1_phase_b_summary.csv,C1 raw traces + boundary analysis,A,LOCKED_F10
AGENT_C1_02,Results_3.7,C1_225CU_full_decision,strong 20/20; mini 6/20; nano 0/20,data/discover_boundary_c1_phase_b_summary.csv,C1 raw traces + boundary analysis,A,LOCKED_F10
AGENT_C1_03,Results_3.7,D_fixed_VOI_completion_threshold,206 CU,data/agent_figure_panel_data_2026-09-13.csv,data/discover_boundary_c1_D_reference.csv + data/discover_boundary_c1/D_reference/traces/anonymous,A,LOCKED_F10
AGENT_C1_04,Results_3.7,narrow_window_canonical,strong: 20/20 at 50-175; 1/8 at 200; 0/20 at 225; 0/9 at 250; weaker tiers 0 in measured cells,data/agent_figure_panel_data_2026-09-13.csv,data/discover_boundary_c1_error_taxonomy_runs.csv (per-run canonical narrow-window flag),A,LOCKED_F10
AGENT_C1_05,Results_3.7,strong_lowest_stable_complete_budget,75 CU,data/agent_figure_panel_data_2026-09-13.csv,C1 raw traces + ledger-stable analysis,A,LOCKED_F10
AGENT_C1_06,Results_3.7,nonbinding_allowance_median_final_spend,714 CU,data/agent_figure_panel_data_2026-09-13.csv,C1 non-binding allowance audit,A,LOCKED_F10
NH3_MC_04,Results_3.2,Fe_economic_top1_probability_descriptor_MC,0.681,analysis/supervisor_2026_09_20/README.md,provenance/nh3_final_1_1/source_harness/outputs/nh3_final_20260905T134204Z/closure/mc_draws.csv,A,MAIN_FIG2_COMPOSITE
NH3_PRICE_CF_01,Results_3.2,Ru_equal_price_reoptimized_cost,14.712 USD/t at 425 C / 170 bar / 30 C,analysis/supervisor_2026_09_20/nh3_ru_price_equalization.json,full 14136-state counterfactual with baseline reproduction audit,A,MAIN_FIG2_COMPOSITE
NH3_PRICE_CF_02,Results_3.2,equal_price_economic_order,Ru < Fe by 0.580 USD/t,analysis/supervisor_2026_09_20/nh3_ru_price_equalization.json,full 14136-state counterfactual with all non-price inputs fixed,A,MAIN_FIG2_COMPOSITE
NH3_COSTMC_01,Results_3.2,P_Fe_lower_cost_than_Ru_joint_cost_MC,5000/5000,analysis/supervisor_2026_09_20/nh3_cost_mc_summary.json,preregistered joint cost MC + full 14136-state direct-cost verification,A,MAIN_FIG2_COMPOSITE
NH3_COSTMC_02,Results_3.2,alpha_star_joint_cost_MC_p05_median_p95,70.78x / 174.27x / 462.00x,analysis/supervisor_2026_09_20/nh3_cost_mc_summary.json,preregistered 5000-draw joint cost MC,A,MAIN_FIG2_COMPOSITE
MEOH_COSTMC_01,Results_3.4,candidate_rank_probability_matrix,canonical economic order retained 5000/5000,analysis/supervisor_2026_09_20/meoh_rank_probability_matrix.csv,D01 component uncertainty propagation; active-Re replacement reported separately,A,MAIN_FIG4_COMPOSITE
AGENT_ORACLE_01,Results_3.7,scorer_complete_oracle_floor,7 CU,analysis/supervisor_2026_09_20/agent_oracle_min_cu.json,frozen 11-action interface + ledger-true cost model,A,F10_CONTEXT
AGENT_ORACLE_02,Results_3.7,protocol_complete_oracle_floor,22 CU,analysis/supervisor_2026_09_20/agent_oracle_min_cu.json,S1-S3 complete shortest valid chain; manuscript normalization,A,MAIN_FIG6_COMPOSITE
AGENT_C1_07,Results_3.7,nonbinding_decision_stable_final_overrun,566 / 714 / 148 CU,docs/AGENT_METRIC_DEFINITIONS_SOURCE_OF_TRUTH_2026-09-13.md,C1 non-binding raw traces + ledger analysis,A,MAIN_FIG6_COMPOSITE
AGENT_C1_08,Results_3.7,nonbinding_narrow_window,0/20,data/agent_figure_panel_data_2026-09-13.csv,C1 step-level traces + canonical narrow-window rule,A,MAIN_FIG6_COMPOSITE
AGENT_SCALE_01,Results_3.6,workflow_scalability_architecture,"reaction-specific deterministic tools + shared ranking/feasibility/parity/reachability decision objects + Agent orchestration","docs/MANUSCRIPT_V8_AGENT_SCALING_AUDIT_2026-09-20.md","DISCOVER V1 frozen tool interface + modular Layer A/Layer B architecture",ARCHITECTURE,MAIN_FIG6_COMPOSITE
NH3_FE_BRIDGE_01,Methods_NH3,Fe_step_bridge_validation,"14-metal OLS R2=0.9818; LOO RMSE=0.277 eV; residual SE=0.227126 eV","analysis/fe_bridge_backward_2026_09_29/README.md","uploaded S1 workbook Terrace_Step_N + leave-one-out audit",A,SUPPORTING
NH3_BWD_REGION_01,Results_backward,Ru_lifecycle_parity_region,"P*=163.76 USD/kg; recovery 99.70% at 10 y, 99.39% at 20 y; 32.9 y at 99% recovery","analysis/fe_bridge_backward_2026_09_29/README.md","frozen Ru price-parity sweep + exact metal-cost reparameterization",A,SUPPORTING
NH3_INVERSION_LAYER_01,Results_3.2,first_inversion_layer,"common-reference activity -> active-metal demand preserves Ru>Os>Fe; canonical price/lifetime weighting first gives Fe<Ru<Os before process costs; equal-price full reoptimization still favors Ru over Fe","analysis/fe_bridge_backward_2026_09_29/inversion_layer_table.csv","inversion_layer_common_reference.csv + NH3-FINAL-1.1 equal-price full-process counterfactual + canonical cost decomposition",A,MAIN_TEXT
NH3_BWD_TARGET_02,Results_backward,joint_direct_activity_lifecycle_target_region,"99% recovery: alpha_req <= 2.41794x at 10 y, <= 1.74213x at 15 y, <= 1.40129x at 20 y; 20 y + 98% recovery <= 2.41794x","analysis/fe_bridge_backward_2026_09_29/activity_lifecycle_target_keypoints.csv","53-state conservative direct-alpha target audit from previously reoptimized Ru price-sweep states; no new DFT",A,MAIN_TEXT
NH3_BWD_REACH_02,Results_backward,strict_scaling_lifecycle_joint_reachability,"q*=4.40683454e-4 y^-1; tested box L<=20 y and r<=0.99 does not intersect; 20 y + 99% gives 15.36249 USD/t (+0.07078); parity at 20 y requires 99.1186% recovery or at 99% recovery requires 22.69 y","analysis/fe_bridge_backward_2026_09_29/scaling_lifecycle_exact_summary.json","14,136-state strict-scaling lifecycle audit; statewise TOF-max reduction on canonical 0.005-eV grid; baseline anchor 21.397873 USD/t at E_N=-1.215 eV",A,MAIN_TEXT
NH3_REGRET_01,Results_3.1,normalized_upstream_selection_regret,44.0689%,analysis/nonfigure_upgrades_2026_09_29/decision_regret_summary.csv,"Ru activity winner cost vs Fe economic winner cost; within-system reduced catalyst-dependent objective",A,MAIN_TEXT
MEOH_REGRET_01,Results_3.4,normalized_upstream_selection_regret,3.3595%,analysis/nonfigure_upgrades_2026_09_29/decision_regret_summary.csv,"1 wt% Re 250 C STY winner vs 5 wt% Re 200 C NPC winner",A,MAIN_TEXT
AUTIO2_REGRET_01,Results_3.5,normalized_upstream_selection_regret,0,analysis/nonfigure_upgrades_2026_09_29/decision_regret_summary.csv,"upstream and downstream winners coincide",A,MAIN_TEXT
CROSS_PAIR_01,Discussion,pairwise_transfer_index_sign,"NH3 +0.08531; MeOH +0.02573; AuTiO2 -1.0000",analysis/nonfigure_upgrades_2026_09_29/pairwise_inversion_index.csv,"chi=ln(JA/JB)/ln(sA/sB); positive=inverted pair for sA>sB; magnitude not universal",A,MAIN_TEXT
NH3_UQ_DEP_01,Results_3.2,descriptor_error_dependence_sensitivity,"Fe atomic Top1 10.71% at latent rho=0; 21.68% at rho=0.9",analysis/nonfigure_upgrades_2026_09_29/descriptor_correlation_sensitivity.csv,"Gaussian-copula sensitivity preserves frozen marginals; supporting only; no downstream probability replacement",SUPPORTING,MAIN_TEXT
NH3_UQ_BIAS_01,Results_3.2,common_descriptor_bias_order_window,"Ru>Os>Fe preserved approximately for -0.0573 < common delta_E_N < +0.1030 eV",analysis/nonfigure_upgrades_2026_09_29/common_mode_descriptor_shift.json,"same additive descriptor shift evaluated on frozen 673 K volcano",SUPPORTING,MAIN_TEXT
AGENT_STOP_01,Results_3.7,nonbinding_hindsight_post_stability_compute,"14/20 positive-overrun runs; 8207/17535 CU = 46.8% after hindsight stability",analysis/nonfigure_upgrades_2026_09_29/agent_stopping_efficiency.json,"retained 5000-CU strong-model traces; retrospective diagnostic not online saving",A,MAIN_TEXT
NH3_SCOPE_01,Methods_NH3,cost_objective_scope,"reduced catalyst-dependent cost objective; not total levelized ammonia production cost",analysis/nonfigure_upgrades_2026_09_29/MODEL_VALIDATION_MATRIX.md,"FINAL-1.1 declared cost boundary and external/internal validation matrix",SCOPE,MAIN_TEXT
NH3_REGRET_MC_01,Results_3.2,normalized_selection_regret_cost_MC,"p05 30.48%; median 40.89%; p95 54.25%; P(R>0)=5000/5000",analysis/nonfigure_upgrades_2026_09_29/nh3_cost_mc_regret_summary.json,"exact reconstruction of preregistered seed/prior draw sequence; full Fe/Ru process reoptimization; existing cost summary reproduced exactly",A,MAIN_TEXT
NH3_EXTVAL_01,Discussion,catalyst_process_coupling_external_support,"conventional Fe >400 C around 150 bar; Fe/Ru preferred configuration changes with plant scale and pressure",analysis/nonfigure_upgrades_2026_09_29/EXTERNAL_VALIDATION_AND_BENCHMARK_2026-09-30.md,"Smith et al. EES 2020 DOI 10.1039/C9EE02873K + Yoshida et al. IJHE 2021 DOI 10.1016/j.ijhydene.2020.12.081; supports coupling structure only, not present pure-Ru optimum",EXTERNAL,MAIN_TEXT
NH3_EXTVAL_02,Discussion,pressure_process_coupling_support,"low- vs high-pressure Haber-Bosch TEA reports pressure-dependent energy/economic performance",analysis/nonfigure_upgrades_2026_09_29/EXTERNAL_PROCESS_ECONOMIC_VALIDATION.md,"external qualitative process-coupling support",EXTERNAL,MAIN_TEXT
DISCUSSION_SCOPE_01,Discussion,applicability_domain,"NH3 reduced one-descriptor pure-metal boundary; MeOH four-state objective; AuTiO2 preservation control; ACSA fixed tool interface",docs/MANUSCRIPT_MAIN_TEXT.md,"reader-facing scope statement tied to current deterministic modules",SCOPE,MAIN_TEXT
