section,variant,tier,stratum,metric,k,n,p,ci_lo,ci_hi,pair,k1,n1,k2,n2,Z,counts,term,beta,se,OR,mean,median,budget,criterion,wins_of_5,D_value,tiers,n_tiers,go
wilson,anonymous,nano,pooled,P(full),6,35,0.17142857142857143,0.08102640006436056,0.3268228243870004,,,,,,,,,,,,,,,,,,,,
wilson,anonymous,nano,pooled,P(win),29,35,0.8285714285714286,0.6731771756129996,0.9189735999356394,,,,,,,,,,,,,,,,,,,,
wilson,anonymous,nano,pooled,P(pair),24,35,0.6857142857142857,0.5202023625560437,0.8144915540584046,,,,,,,,,,,,,,,,,,,,
wilson,anonymous,nano,pooled,P(reach),6,35,0.17142857142857143,0.08102640006436056,0.3268228243870004,,,,,,,,,,,,,,,,,,,,
wilson,anonymous,nano,<=300 CU,P(full),0,15,0.0,0.0,0.20388330359648707,,,,,,,,,,,,,,,,,,,,
wilson,anonymous,nano,<=300 CU,P(win),9,15,0.6,0.35746829954344506,0.8017550397372577,,,,,,,,,,,,,,,,,,,,
wilson,anonymous,nano,<=300 CU,P(pair),4,15,0.26666666666666666,0.1089745324961737,0.5195043425155202,,,,,,,,,,,,,,,,,,,,
wilson,anonymous,nano,<=300 CU,P(reach),0,15,0.0,0.0,0.20388330359648707,,,,,,,,,,,,,,,,,,,,
wilson,anonymous,nano,>=500 CU,P(full),6,20,0.3,0.14547724402157294,0.518972820052479,,,,,,,,,,,,,,,,,,,,
wilson,anonymous,nano,>=500 CU,P(win),20,20,1.0,0.8388748398148705,1.0,,,,,,,,,,,,,,,,,,,,
wilson,anonymous,nano,>=500 CU,P(pair),20,20,1.0,0.8388748398148705,1.0,,,,,,,,,,,,,,,,,,,,
wilson,anonymous,nano,>=500 CU,P(reach),6,20,0.3,0.14547724402157294,0.518972820052479,,,,,,,,,,,,,,,,,,,,
wilson,anonymous,nano,200 CU,P(full),0,5,0.0,0.0,0.43448246865939283,,,,,,,,,,,,,,,,,,,,
wilson,anonymous,nano,200 CU,P(win),1,5,0.2,0.03622410822563066,0.6244653729700049,,,,,,,,,,,,,,,,,,,,
wilson,anonymous,nano,200 CU,P(pair),0,5,0.0,0.0,0.43448246865939283,,,,,,,,,,,,,,,,,,,,
wilson,anonymous,nano,200 CU,P(reach),0,5,0.0,0.0,0.43448246865939283,,,,,,,,,,,,,,,,,,,,
wilson,anonymous,nano,250 CU,P(full),0,5,0.0,0.0,0.43448246865939283,,,,,,,,,,,,,,,,,,,,
wilson,anonymous,nano,250 CU,P(win),4,5,0.8,0.375534627029995,0.9637758917743693,,,,,,,,,,,,,,,,,,,,
wilson,anonymous,nano,250 CU,P(pair),1,5,0.2,0.03622410822563066,0.6244653729700049,,,,,,,,,,,,,,,,,,,,
wilson,anonymous,nano,250 CU,P(reach),0,5,0.0,0.0,0.43448246865939283,,,,,,,,,,,,,,,,,,,,
wilson,anonymous,nano,300 CU,P(full),0,5,0.0,0.0,0.43448246865939283,,,,,,,,,,,,,,,,,,,,
wilson,anonymous,nano,300 CU,P(win),4,5,0.8,0.375534627029995,0.9637758917743693,,,,,,,,,,,,,,,,,,,,
wilson,anonymous,nano,300 CU,P(pair),3,5,0.6,0.23072427940911855,0.8823792268590028,,,,,,,,,,,,,,,,,,,,
wilson,anonymous,nano,300 CU,P(reach),0,5,0.0,0.0,0.43448246865939283,,,,,,,,,,,,,,,,,,,,
wilson,anonymous,nano,500 CU,P(full),3,5,0.6,0.23072427940911855,0.8823792268590028,,,,,,,,,,,,,,,,,,,,
wilson,anonymous,nano,500 CU,P(win),5,5,1.0,0.5655175313406071,1.0,,,,,,,,,,,,,,,,,,,,
wilson,anonymous,nano,500 CU,P(pair),5,5,1.0,0.5655175313406071,1.0,,,,,,,,,,,,,,,,,,,,
wilson,anonymous,nano,500 CU,P(reach),3,5,0.6,0.23072427940911855,0.8823792268590028,,,,,,,,,,,,,,,,,,,,
wilson,anonymous,nano,800 CU,P(full),0,5,0.0,0.0,0.43448246865939283,,,,,,,,,,,,,,,,,,,,
wilson,anonymous,nano,800 CU,P(win),5,5,1.0,0.5655175313406071,1.0,,,,,,,,,,,,,,,,,,,,
wilson,anonymous,nano,800 CU,P(pair),5,5,1.0,0.5655175313406071,1.0,,,,,,,,,,,,,,,,,,,,
wilson,anonymous,nano,800 CU,P(reach),0,5,0.0,0.0,0.43448246865939283,,,,,,,,,,,,,,,,,,,,
wilson,anonymous,nano,1200 CU,P(full),0,5,0.0,0.0,0.43448246865939283,,,,,,,,,,,,,,,,,,,,
wilson,anonymous,nano,1200 CU,P(win),5,5,1.0,0.5655175313406071,1.0,,,,,,,,,,,,,,,,,,,,
wilson,anonymous,nano,1200 CU,P(pair),5,5,1.0,0.5655175313406071,1.0,,,,,,,,,,,,,,,,,,,,
wilson,anonymous,nano,1200 CU,P(reach),0,5,0.0,0.0,0.43448246865939283,,,,,,,,,,,,,,,,,,,,
wilson,anonymous,nano,2000 CU,P(full),3,5,0.6,0.23072427940911855,0.8823792268590028,,,,,,,,,,,,,,,,,,,,
wilson,anonymous,nano,2000 CU,P(win),5,5,1.0,0.5655175313406071,1.0,,,,,,,,,,,,,,,,,,,,
wilson,anonymous,nano,2000 CU,P(pair),5,5,1.0,0.5655175313406071,1.0,,,,,,,,,,,,,,,,,,,,
wilson,anonymous,nano,2000 CU,P(reach),3,5,0.6,0.23072427940911855,0.8823792268590028,,,,,,,,,,,,,,,,,,,,
wilson,anonymous,mini,pooled,P(full),15,35,0.42857142857142855,0.2798456807626357,0.5914258897702688,,,,,,,,,,,,,,,,,,,,
wilson,anonymous,mini,pooled,P(win),31,35,0.8857142857142857,0.7404853121378726,0.9546482069844427,,,,,,,,,,,,,,,,,,,,
wilson,anonymous,mini,pooled,P(pair),20,35,0.5714285714285714,0.4085741102297311,0.7201543192373643,,,,,,,,,,,,,,,,,,,,
wilson,anonymous,mini,pooled,P(reach),15,35,0.42857142857142855,0.2798456807626357,0.5914258897702688,,,,,,,,,,,,,,,,,,,,
wilson,anonymous,mini,<=300 CU,P(full),4,15,0.26666666666666666,0.1089745324961737,0.5195043425155202,,,,,,,,,,,,,,,,,,,,
wilson,anonymous,mini,<=300 CU,P(win),12,15,0.8,0.5481455107594471,0.9295245070826608,,,,,,,,,,,,,,,,,,,,
wilson,anonymous,mini,<=300 CU,P(pair),5,15,0.3333333333333333,0.15176324343669478,0.582864524428801,,,,,,,,,,,,,,,,,,,,
wilson,anonymous,mini,<=300 CU,P(reach),4,15,0.26666666666666666,0.1089745324961737,0.5195043425155202,,,,,,,,,,,,,,,,,,,,
wilson,anonymous,mini,>=500 CU,P(full),11,20,0.55,0.3420853410191274,0.7418021429623598,,,,,,,,,,,,,,,,,,,,
wilson,anonymous,mini,>=500 CU,P(win),19,20,0.95,0.7638688045357189,0.9911185512976646,,,,,,,,,,,,,,,,,,,,
wilson,anonymous,mini,>=500 CU,P(pair),15,20,0.75,0.5312991206074114,0.8881382993000237,,,,,,,,,,,,,,,,,,,,
wilson,anonymous,mini,>=500 CU,P(reach),11,20,0.55,0.3420853410191274,0.7418021429623598,,,,,,,,,,,,,,,,,,,,
wilson,anonymous,mini,200 CU,P(full),1,5,0.2,0.03622410822563066,0.6244653729700049,,,,,,,,,,,,,,,,,,,,
wilson,anonymous,mini,200 CU,P(win),4,5,0.8,0.375534627029995,0.9637758917743693,,,,,,,,,,,,,,,,,,,,
wilson,anonymous,mini,200 CU,P(pair),2,5,0.4,0.11762077314099711,0.7692757205908813,,,,,,,,,,,,,,,,,,,,
wilson,anonymous,mini,200 CU,P(reach),1,5,0.2,0.03622410822563066,0.6244653729700049,,,,,,,,,,,,,,,,,,,,
wilson,anonymous,mini,250 CU,P(full),2,5,0.4,0.11762077314099711,0.7692757205908813,,,,,,,,,,,,,,,,,,,,
wilson,anonymous,mini,250 CU,P(win),3,5,0.6,0.23072427940911855,0.8823792268590028,,,,,,,,,,,,,,,,,,,,
wilson,anonymous,mini,250 CU,P(pair),2,5,0.4,0.11762077314099711,0.7692757205908813,,,,,,,,,,,,,,,,,,,,
wilson,anonymous,mini,250 CU,P(reach),2,5,0.4,0.11762077314099711,0.7692757205908813,,,,,,,,,,,,,,,,,,,,
wilson,anonymous,mini,300 CU,P(full),1,5,0.2,0.03622410822563066,0.6244653729700049,,,,,,,,,,,,,,,,,,,,
wilson,anonymous,mini,300 CU,P(win),5,5,1.0,0.5655175313406071,1.0,,,,,,,,,,,,,,,,,,,,
wilson,anonymous,mini,300 CU,P(pair),1,5,0.2,0.03622410822563066,0.6244653729700049,,,,,,,,,,,,,,,,,,,,
wilson,anonymous,mini,300 CU,P(reach),1,5,0.2,0.03622410822563066,0.6244653729700049,,,,,,,,,,,,,,,,,,,,
wilson,anonymous,mini,500 CU,P(full),2,5,0.4,0.11762077314099711,0.7692757205908813,,,,,,,,,,,,,,,,,,,,
wilson,anonymous,mini,500 CU,P(win),5,5,1.0,0.5655175313406071,1.0,,,,,,,,,,,,,,,,,,,,
wilson,anonymous,mini,500 CU,P(pair),3,5,0.6,0.23072427940911855,0.8823792268590028,,,,,,,,,,,,,,,,,,,,
wilson,anonymous,mini,500 CU,P(reach),2,5,0.4,0.11762077314099711,0.7692757205908813,,,,,,,,,,,,,,,,,,,,
wilson,anonymous,mini,800 CU,P(full),4,5,0.8,0.375534627029995,0.9637758917743693,,,,,,,,,,,,,,,,,,,,
wilson,anonymous,mini,800 CU,P(win),5,5,1.0,0.5655175313406071,1.0,,,,,,,,,,,,,,,,,,,,
wilson,anonymous,mini,800 CU,P(pair),5,5,1.0,0.5655175313406071,1.0,,,,,,,,,,,,,,,,,,,,
wilson,anonymous,mini,800 CU,P(reach),4,5,0.8,0.375534627029995,0.9637758917743693,,,,,,,,,,,,,,,,,,,,
wilson,anonymous,mini,1200 CU,P(full),2,5,0.4,0.11762077314099711,0.7692757205908813,,,,,,,,,,,,,,,,,,,,
wilson,anonymous,mini,1200 CU,P(win),4,5,0.8,0.375534627029995,0.9637758917743693,,,,,,,,,,,,,,,,,,,,
wilson,anonymous,mini,1200 CU,P(pair),4,5,0.8,0.375534627029995,0.9637758917743693,,,,,,,,,,,,,,,,,,,,
wilson,anonymous,mini,1200 CU,P(reach),2,5,0.4,0.11762077314099711,0.7692757205908813,,,,,,,,,,,,,,,,,,,,
wilson,anonymous,mini,2000 CU,P(full),3,5,0.6,0.23072427940911855,0.8823792268590028,,,,,,,,,,,,,,,,,,,,
wilson,anonymous,mini,2000 CU,P(win),5,5,1.0,0.5655175313406071,1.0,,,,,,,,,,,,,,,,,,,,
wilson,anonymous,mini,2000 CU,P(pair),3,5,0.6,0.23072427940911855,0.8823792268590028,,,,,,,,,,,,,,,,,,,,
wilson,anonymous,mini,2000 CU,P(reach),3,5,0.6,0.23072427940911855,0.8823792268590028,,,,,,,,,,,,,,,,,,,,
wilson,anonymous,5.5,pooled,P(full),35,35,1.0,0.901099006269668,1.0,,,,,,,,,,,,,,,,,,,,
wilson,anonymous,5.5,pooled,P(win),35,35,1.0,0.901099006269668,1.0,,,,,,,,,,,,,,,,,,,,
wilson,anonymous,5.5,pooled,P(pair),35,35,1.0,0.901099006269668,1.0,,,,,,,,,,,,,,,,,,,,
wilson,anonymous,5.5,pooled,P(reach),35,35,1.0,0.901099006269668,1.0,,,,,,,,,,,,,,,,,,,,
wilson,anonymous,5.5,<=300 CU,P(full),15,15,1.0,0.7961166964035129,1.0,,,,,,,,,,,,,,,,,,,,
wilson,anonymous,5.5,<=300 CU,P(win),15,15,1.0,0.7961166964035129,1.0,,,,,,,,,,,,,,,,,,,,
wilson,anonymous,5.5,<=300 CU,P(pair),15,15,1.0,0.7961166964035129,1.0,,,,,,,,,,,,,,,,,,,,
wilson,anonymous,5.5,<=300 CU,P(reach),15,15,1.0,0.7961166964035129,1.0,,,,,,,,,,,,,,,,,,,,
wilson,anonymous,5.5,>=500 CU,P(full),20,20,1.0,0.8388748398148705,1.0,,,,,,,,,,,,,,,,,,,,
wilson,anonymous,5.5,>=500 CU,P(win),20,20,1.0,0.8388748398148705,1.0,,,,,,,,,,,,,,,,,,,,
wilson,anonymous,5.5,>=500 CU,P(pair),20,20,1.0,0.8388748398148705,1.0,,,,,,,,,,,,,,,,,,,,
wilson,anonymous,5.5,>=500 CU,P(reach),20,20,1.0,0.8388748398148705,1.0,,,,,,,,,,,,,,,,,,,,
wilson,anonymous,5.5,200 CU,P(full),5,5,1.0,0.5655175313406071,1.0,,,,,,,,,,,,,,,,,,,,
wilson,anonymous,5.5,200 CU,P(win),5,5,1.0,0.5655175313406071,1.0,,,,,,,,,,,,,,,,,,,,
wilson,anonymous,5.5,200 CU,P(pair),5,5,1.0,0.5655175313406071,1.0,,,,,,,,,,,,,,,,,,,,
wilson,anonymous,5.5,200 CU,P(reach),5,5,1.0,0.5655175313406071,1.0,,,,,,,,,,,,,,,,,,,,
wilson,anonymous,5.5,250 CU,P(full),5,5,1.0,0.5655175313406071,1.0,,,,,,,,,,,,,,,,,,,,
wilson,anonymous,5.5,250 CU,P(win),5,5,1.0,0.5655175313406071,1.0,,,,,,,,,,,,,,,,,,,,
wilson,anonymous,5.5,250 CU,P(pair),5,5,1.0,0.5655175313406071,1.0,,,,,,,,,,,,,,,,,,,,
wilson,anonymous,5.5,250 CU,P(reach),5,5,1.0,0.5655175313406071,1.0,,,,,,,,,,,,,,,,,,,,
wilson,anonymous,5.5,300 CU,P(full),5,5,1.0,0.5655175313406071,1.0,,,,,,,,,,,,,,,,,,,,
wilson,anonymous,5.5,300 CU,P(win),5,5,1.0,0.5655175313406071,1.0,,,,,,,,,,,,,,,,,,,,
wilson,anonymous,5.5,300 CU,P(pair),5,5,1.0,0.5655175313406071,1.0,,,,,,,,,,,,,,,,,,,,
wilson,anonymous,5.5,300 CU,P(reach),5,5,1.0,0.5655175313406071,1.0,,,,,,,,,,,,,,,,,,,,
wilson,anonymous,5.5,500 CU,P(full),5,5,1.0,0.5655175313406071,1.0,,,,,,,,,,,,,,,,,,,,
wilson,anonymous,5.5,500 CU,P(win),5,5,1.0,0.5655175313406071,1.0,,,,,,,,,,,,,,,,,,,,
wilson,anonymous,5.5,500 CU,P(pair),5,5,1.0,0.5655175313406071,1.0,,,,,,,,,,,,,,,,,,,,
wilson,anonymous,5.5,500 CU,P(reach),5,5,1.0,0.5655175313406071,1.0,,,,,,,,,,,,,,,,,,,,
wilson,anonymous,5.5,800 CU,P(full),5,5,1.0,0.5655175313406071,1.0,,,,,,,,,,,,,,,,,,,,
wilson,anonymous,5.5,800 CU,P(win),5,5,1.0,0.5655175313406071,1.0,,,,,,,,,,,,,,,,,,,,
wilson,anonymous,5.5,800 CU,P(pair),5,5,1.0,0.5655175313406071,1.0,,,,,,,,,,,,,,,,,,,,
wilson,anonymous,5.5,800 CU,P(reach),5,5,1.0,0.5655175313406071,1.0,,,,,,,,,,,,,,,,,,,,
wilson,anonymous,5.5,1200 CU,P(full),5,5,1.0,0.5655175313406071,1.0,,,,,,,,,,,,,,,,,,,,
wilson,anonymous,5.5,1200 CU,P(win),5,5,1.0,0.5655175313406071,1.0,,,,,,,,,,,,,,,,,,,,
wilson,anonymous,5.5,1200 CU,P(pair),5,5,1.0,0.5655175313406071,1.0,,,,,,,,,,,,,,,,,,,,
wilson,anonymous,5.5,1200 CU,P(reach),5,5,1.0,0.5655175313406071,1.0,,,,,,,,,,,,,,,,,,,,
wilson,anonymous,5.5,2000 CU,P(full),5,5,1.0,0.5655175313406071,1.0,,,,,,,,,,,,,,,,,,,,
wilson,anonymous,5.5,2000 CU,P(win),5,5,1.0,0.5655175313406071,1.0,,,,,,,,,,,,,,,,,,,,
wilson,anonymous,5.5,2000 CU,P(pair),5,5,1.0,0.5655175313406071,1.0,,,,,,,,,,,,,,,,,,,,
wilson,anonymous,5.5,2000 CU,P(reach),5,5,1.0,0.5655175313406071,1.0,,,,,,,,,,,,,,,,,,,,
wilson,named,nano,pooled,P(full),11,35,0.3142857142857143,0.18550844594159555,0.4797976374439563,,,,,,,,,,,,,,,,,,,,
wilson,named,nano,pooled,P(win),35,35,1.0,0.901099006269668,1.0,,,,,,,,,,,,,,,,,,,,
wilson,named,nano,pooled,P(pair),25,35,0.7142857142857143,0.5494506500237067,0.8367346383775797,,,,,,,,,,,,,,,,,,,,
wilson,named,nano,pooled,P(reach),11,35,0.3142857142857143,0.18550844594159555,0.4797976374439563,,,,,,,,,,,,,,,,,,,,
wilson,named,nano,<=300 CU,P(full),2,15,0.13333333333333333,0.03736125876428492,0.37881983053980567,,,,,,,,,,,,,,,,,,,,
wilson,named,nano,<=300 CU,P(win),15,15,1.0,0.7961166964035129,1.0,,,,,,,,,,,,,,,,,,,,
wilson,named,nano,<=300 CU,P(pair),5,15,0.3333333333333333,0.15176324343669478,0.582864524428801,,,,,,,,,,,,,,,,,,,,
wilson,named,nano,<=300 CU,P(reach),2,15,0.13333333333333333,0.03736125876428492,0.37881983053980567,,,,,,,,,,,,,,,,,,,,
wilson,named,nano,>=500 CU,P(full),9,20,0.45,0.25819785703764037,0.6579146589808726,,,,,,,,,,,,,,,,,,,,
wilson,named,nano,>=500 CU,P(win),20,20,1.0,0.8388748398148705,1.0,,,,,,,,,,,,,,,,,,,,
wilson,named,nano,>=500 CU,P(pair),20,20,1.0,0.8388748398148705,1.0,,,,,,,,,,,,,,,,,,,,
wilson,named,nano,>=500 CU,P(reach),9,20,0.45,0.25819785703764037,0.6579146589808726,,,,,,,,,,,,,,,,,,,,
wilson,named,nano,200 CU,P(full),0,5,0.0,0.0,0.43448246865939283,,,,,,,,,,,,,,,,,,,,
wilson,named,nano,200 CU,P(win),5,5,1.0,0.5655175313406071,1.0,,,,,,,,,,,,,,,,,,,,
wilson,named,nano,200 CU,P(pair),0,5,0.0,0.0,0.43448246865939283,,,,,,,,,,,,,,,,,,,,
wilson,named,nano,200 CU,P(reach),0,5,0.0,0.0,0.43448246865939283,,,,,,,,,,,,,,,,,,,,
wilson,named,nano,250 CU,P(full),1,5,0.2,0.03622410822563066,0.6244653729700049,,,,,,,,,,,,,,,,,,,,
wilson,named,nano,250 CU,P(win),5,5,1.0,0.5655175313406071,1.0,,,,,,,,,,,,,,,,,,,,
wilson,named,nano,250 CU,P(pair),2,5,0.4,0.11762077314099711,0.7692757205908813,,,,,,,,,,,,,,,,,,,,
wilson,named,nano,250 CU,P(reach),1,5,0.2,0.03622410822563066,0.6244653729700049,,,,,,,,,,,,,,,,,,,,
wilson,named,nano,300 CU,P(full),1,5,0.2,0.03622410822563066,0.6244653729700049,,,,,,,,,,,,,,,,,,,,
wilson,named,nano,300 CU,P(win),5,5,1.0,0.5655175313406071,1.0,,,,,,,,,,,,,,,,,,,,
wilson,named,nano,300 CU,P(pair),3,5,0.6,0.23072427940911855,0.8823792268590028,,,,,,,,,,,,,,,,,,,,
wilson,named,nano,300 CU,P(reach),1,5,0.2,0.03622410822563066,0.6244653729700049,,,,,,,,,,,,,,,,,,,,
wilson,named,nano,500 CU,P(full),1,5,0.2,0.03622410822563066,0.6244653729700049,,,,,,,,,,,,,,,,,,,,
wilson,named,nano,500 CU,P(win),5,5,1.0,0.5655175313406071,1.0,,,,,,,,,,,,,,,,,,,,
wilson,named,nano,500 CU,P(pair),5,5,1.0,0.5655175313406071,1.0,,,,,,,,,,,,,,,,,,,,
wilson,named,nano,500 CU,P(reach),1,5,0.2,0.03622410822563066,0.6244653729700049,,,,,,,,,,,,,,,,,,,,
wilson,named,nano,800 CU,P(full),2,5,0.4,0.11762077314099711,0.7692757205908813,,,,,,,,,,,,,,,,,,,,
wilson,named,nano,800 CU,P(win),5,5,1.0,0.5655175313406071,1.0,,,,,,,,,,,,,,,,,,,,
wilson,named,nano,800 CU,P(pair),5,5,1.0,0.5655175313406071,1.0,,,,,,,,,,,,,,,,,,,,
wilson,named,nano,800 CU,P(reach),2,5,0.4,0.11762077314099711,0.7692757205908813,,,,,,,,,,,,,,,,,,,,
wilson,named,nano,1200 CU,P(full),3,5,0.6,0.23072427940911855,0.8823792268590028,,,,,,,,,,,,,,,,,,,,
wilson,named,nano,1200 CU,P(win),5,5,1.0,0.5655175313406071,1.0,,,,,,,,,,,,,,,,,,,,
wilson,named,nano,1200 CU,P(pair),5,5,1.0,0.5655175313406071,1.0,,,,,,,,,,,,,,,,,,,,
wilson,named,nano,1200 CU,P(reach),3,5,0.6,0.23072427940911855,0.8823792268590028,,,,,,,,,,,,,,,,,,,,
wilson,named,nano,2000 CU,P(full),3,5,0.6,0.23072427940911855,0.8823792268590028,,,,,,,,,,,,,,,,,,,,
wilson,named,nano,2000 CU,P(win),5,5,1.0,0.5655175313406071,1.0,,,,,,,,,,,,,,,,,,,,
wilson,named,nano,2000 CU,P(pair),5,5,1.0,0.5655175313406071,1.0,,,,,,,,,,,,,,,,,,,,
wilson,named,nano,2000 CU,P(reach),3,5,0.6,0.23072427940911855,0.8823792268590028,,,,,,,,,,,,,,,,,,,,
wilson,named,mini,pooled,P(full),22,35,0.6285714285714286,0.4633693671638196,0.7683418058769521,,,,,,,,,,,,,,,,,,,,
wilson,named,mini,pooled,P(win),32,35,0.9142857142857143,0.7762072589454966,0.9704176319636569,,,,,,,,,,,,,,,,,,,,
wilson,named,mini,pooled,P(pair),30,35,0.8571428571428571,0.7062444577337144,0.9373976896017628,,,,,,,,,,,,,,,,,,,,
wilson,named,mini,pooled,P(reach),22,35,0.6285714285714286,0.4633693671638196,0.7683418058769521,,,,,,,,,,,,,,,,,,,,
wilson,named,mini,<=300 CU,P(full),5,15,0.3333333333333333,0.15176324343669478,0.582864524428801,,,,,,,,,,,,,,,,,,,,
wilson,named,mini,<=300 CU,P(win),12,15,0.8,0.5481455107594471,0.9295245070826608,,,,,,,,,,,,,,,,,,,,
wilson,named,mini,<=300 CU,P(pair),10,15,0.6666666666666666,0.4171354755711991,0.8482367565633053,,,,,,,,,,,,,,,,,,,,
wilson,named,mini,<=300 CU,P(reach),5,15,0.3333333333333333,0.15176324343669478,0.582864524428801,,,,,,,,,,,,,,,,,,,,
wilson,named,mini,>=500 CU,P(full),17,20,0.85,0.6395811333571357,0.9476312545132735,,,,,,,,,,,,,,,,,,,,
wilson,named,mini,>=500 CU,P(win),20,20,1.0,0.8388748398148705,1.0,,,,,,,,,,,,,,,,,,,,
wilson,named,mini,>=500 CU,P(pair),20,20,1.0,0.8388748398148705,1.0,,,,,,,,,,,,,,,,,,,,
wilson,named,mini,>=500 CU,P(reach),17,20,0.85,0.6395811333571357,0.9476312545132735,,,,,,,,,,,,,,,,,,,,
wilson,named,mini,200 CU,P(full),2,5,0.4,0.11762077314099711,0.7692757205908813,,,,,,,,,,,,,,,,,,,,
wilson,named,mini,200 CU,P(win),4,5,0.8,0.375534627029995,0.9637758917743693,,,,,,,,,,,,,,,,,,,,
wilson,named,mini,200 CU,P(pair),4,5,0.8,0.375534627029995,0.9637758917743693,,,,,,,,,,,,,,,,,,,,
wilson,named,mini,200 CU,P(reach),2,5,0.4,0.11762077314099711,0.7692757205908813,,,,,,,,,,,,,,,,,,,,
wilson,named,mini,250 CU,P(full),1,5,0.2,0.03622410822563066,0.6244653729700049,,,,,,,,,,,,,,,,,,,,
wilson,named,mini,250 CU,P(win),3,5,0.6,0.23072427940911855,0.8823792268590028,,,,,,,,,,,,,,,,,,,,
wilson,named,mini,250 CU,P(pair),2,5,0.4,0.11762077314099711,0.7692757205908813,,,,,,,,,,,,,,,,,,,,
wilson,named,mini,250 CU,P(reach),1,5,0.2,0.03622410822563066,0.6244653729700049,,,,,,,,,,,,,,,,,,,,
wilson,named,mini,300 CU,P(full),2,5,0.4,0.11762077314099711,0.7692757205908813,,,,,,,,,,,,,,,,,,,,
wilson,named,mini,300 CU,P(win),5,5,1.0,0.5655175313406071,1.0,,,,,,,,,,,,,,,,,,,,
wilson,named,mini,300 CU,P(pair),4,5,0.8,0.375534627029995,0.9637758917743693,,,,,,,,,,,,,,,,,,,,
wilson,named,mini,300 CU,P(reach),2,5,0.4,0.11762077314099711,0.7692757205908813,,,,,,,,,,,,,,,,,,,,
wilson,named,mini,500 CU,P(full),4,5,0.8,0.375534627029995,0.9637758917743693,,,,,,,,,,,,,,,,,,,,
wilson,named,mini,500 CU,P(win),5,5,1.0,0.5655175313406071,1.0,,,,,,,,,,,,,,,,,,,,
wilson,named,mini,500 CU,P(pair),5,5,1.0,0.5655175313406071,1.0,,,,,,,,,,,,,,,,,,,,
wilson,named,mini,500 CU,P(reach),4,5,0.8,0.375534627029995,0.9637758917743693,,,,,,,,,,,,,,,,,,,,
wilson,named,mini,800 CU,P(full),4,5,0.8,0.375534627029995,0.9637758917743693,,,,,,,,,,,,,,,,,,,,
wilson,named,mini,800 CU,P(win),5,5,1.0,0.5655175313406071,1.0,,,,,,,,,,,,,,,,,,,,
wilson,named,mini,800 CU,P(pair),5,5,1.0,0.5655175313406071,1.0,,,,,,,,,,,,,,,,,,,,
wilson,named,mini,800 CU,P(reach),4,5,0.8,0.375534627029995,0.9637758917743693,,,,,,,,,,,,,,,,,,,,
wilson,named,mini,1200 CU,P(full),4,5,0.8,0.375534627029995,0.9637758917743693,,,,,,,,,,,,,,,,,,,,
wilson,named,mini,1200 CU,P(win),5,5,1.0,0.5655175313406071,1.0,,,,,,,,,,,,,,,,,,,,
wilson,named,mini,1200 CU,P(pair),5,5,1.0,0.5655175313406071,1.0,,,,,,,,,,,,,,,,,,,,
wilson,named,mini,1200 CU,P(reach),4,5,0.8,0.375534627029995,0.9637758917743693,,,,,,,,,,,,,,,,,,,,
wilson,named,mini,2000 CU,P(full),5,5,1.0,0.5655175313406071,1.0,,,,,,,,,,,,,,,,,,,,
wilson,named,mini,2000 CU,P(win),5,5,1.0,0.5655175313406071,1.0,,,,,,,,,,,,,,,,,,,,
wilson,named,mini,2000 CU,P(pair),5,5,1.0,0.5655175313406071,1.0,,,,,,,,,,,,,,,,,,,,
wilson,named,mini,2000 CU,P(reach),5,5,1.0,0.5655175313406071,1.0,,,,,,,,,,,,,,,,,,,,
wilson,named,5.5,pooled,P(full),35,35,1.0,0.901099006269668,1.0,,,,,,,,,,,,,,,,,,,,
wilson,named,5.5,pooled,P(win),35,35,1.0,0.901099006269668,1.0,,,,,,,,,,,,,,,,,,,,
wilson,named,5.5,pooled,P(pair),35,35,1.0,0.901099006269668,1.0,,,,,,,,,,,,,,,,,,,,
wilson,named,5.5,pooled,P(reach),35,35,1.0,0.901099006269668,1.0,,,,,,,,,,,,,,,,,,,,
wilson,named,5.5,<=300 CU,P(full),15,15,1.0,0.7961166964035129,1.0,,,,,,,,,,,,,,,,,,,,
wilson,named,5.5,<=300 CU,P(win),15,15,1.0,0.7961166964035129,1.0,,,,,,,,,,,,,,,,,,,,
wilson,named,5.5,<=300 CU,P(pair),15,15,1.0,0.7961166964035129,1.0,,,,,,,,,,,,,,,,,,,,
wilson,named,5.5,<=300 CU,P(reach),15,15,1.0,0.7961166964035129,1.0,,,,,,,,,,,,,,,,,,,,
wilson,named,5.5,>=500 CU,P(full),20,20,1.0,0.8388748398148705,1.0,,,,,,,,,,,,,,,,,,,,
wilson,named,5.5,>=500 CU,P(win),20,20,1.0,0.8388748398148705,1.0,,,,,,,,,,,,,,,,,,,,
wilson,named,5.5,>=500 CU,P(pair),20,20,1.0,0.8388748398148705,1.0,,,,,,,,,,,,,,,,,,,,
wilson,named,5.5,>=500 CU,P(reach),20,20,1.0,0.8388748398148705,1.0,,,,,,,,,,,,,,,,,,,,
wilson,named,5.5,200 CU,P(full),5,5,1.0,0.5655175313406071,1.0,,,,,,,,,,,,,,,,,,,,
wilson,named,5.5,200 CU,P(win),5,5,1.0,0.5655175313406071,1.0,,,,,,,,,,,,,,,,,,,,
wilson,named,5.5,200 CU,P(pair),5,5,1.0,0.5655175313406071,1.0,,,,,,,,,,,,,,,,,,,,
wilson,named,5.5,200 CU,P(reach),5,5,1.0,0.5655175313406071,1.0,,,,,,,,,,,,,,,,,,,,
wilson,named,5.5,250 CU,P(full),5,5,1.0,0.5655175313406071,1.0,,,,,,,,,,,,,,,,,,,,
wilson,named,5.5,250 CU,P(win),5,5,1.0,0.5655175313406071,1.0,,,,,,,,,,,,,,,,,,,,
wilson,named,5.5,250 CU,P(pair),5,5,1.0,0.5655175313406071,1.0,,,,,,,,,,,,,,,,,,,,
wilson,named,5.5,250 CU,P(reach),5,5,1.0,0.5655175313406071,1.0,,,,,,,,,,,,,,,,,,,,
wilson,named,5.5,300 CU,P(full),5,5,1.0,0.5655175313406071,1.0,,,,,,,,,,,,,,,,,,,,
wilson,named,5.5,300 CU,P(win),5,5,1.0,0.5655175313406071,1.0,,,,,,,,,,,,,,,,,,,,
wilson,named,5.5,300 CU,P(pair),5,5,1.0,0.5655175313406071,1.0,,,,,,,,,,,,,,,,,,,,
wilson,named,5.5,300 CU,P(reach),5,5,1.0,0.5655175313406071,1.0,,,,,,,,,,,,,,,,,,,,
wilson,named,5.5,500 CU,P(full),5,5,1.0,0.5655175313406071,1.0,,,,,,,,,,,,,,,,,,,,
wilson,named,5.5,500 CU,P(win),5,5,1.0,0.5655175313406071,1.0,,,,,,,,,,,,,,,,,,,,
wilson,named,5.5,500 CU,P(pair),5,5,1.0,0.5655175313406071,1.0,,,,,,,,,,,,,,,,,,,,
wilson,named,5.5,500 CU,P(reach),5,5,1.0,0.5655175313406071,1.0,,,,,,,,,,,,,,,,,,,,
wilson,named,5.5,800 CU,P(full),5,5,1.0,0.5655175313406071,1.0,,,,,,,,,,,,,,,,,,,,
wilson,named,5.5,800 CU,P(win),5,5,1.0,0.5655175313406071,1.0,,,,,,,,,,,,,,,,,,,,
wilson,named,5.5,800 CU,P(pair),5,5,1.0,0.5655175313406071,1.0,,,,,,,,,,,,,,,,,,,,
wilson,named,5.5,800 CU,P(reach),5,5,1.0,0.5655175313406071,1.0,,,,,,,,,,,,,,,,,,,,
wilson,named,5.5,1200 CU,P(full),5,5,1.0,0.5655175313406071,1.0,,,,,,,,,,,,,,,,,,,,
wilson,named,5.5,1200 CU,P(win),5,5,1.0,0.5655175313406071,1.0,,,,,,,,,,,,,,,,,,,,
wilson,named,5.5,1200 CU,P(pair),5,5,1.0,0.5655175313406071,1.0,,,,,,,,,,,,,,,,,,,,
wilson,named,5.5,1200 CU,P(reach),5,5,1.0,0.5655175313406071,1.0,,,,,,,,,,,,,,,,,,,,
wilson,named,5.5,2000 CU,P(full),5,5,1.0,0.5655175313406071,1.0,,,,,,,,,,,,,,,,,,,,
wilson,named,5.5,2000 CU,P(win),5,5,1.0,0.5655175313406071,1.0,,,,,,,,,,,,,,,,,,,,
wilson,named,5.5,2000 CU,P(pair),5,5,1.0,0.5655175313406071,1.0,,,,,,,,,,,,,,,,,,,,
wilson,named,5.5,2000 CU,P(reach),5,5,1.0,0.5655175313406071,1.0,,,,,,,,,,,,,,,,,,,,
fisher,anonymous,,pooled,P(full),,,0.035594332047733754,,,nano vs mini,6,35,15,35,,,,,,,,,,,,,,,
fisher,anonymous,,pooled,P(full),,,4.012664683997008e-08,,,mini vs 5.5,15,35,35,35,,,,,,,,,,,,,,,
fisher,anonymous,,pooled,P(full),,,8.015932228980965e-14,,,nano vs 5.5,6,35,35,35,,,,,,,,,,,,,,,
fisher,anonymous,,pooled,P(win),,,0.7343465249551355,,,nano vs mini,29,35,31,35,,,,,,,,,,,,,,,
fisher,anonymous,,pooled,P(win),,,0.11421155094094743,,,mini vs 5.5,31,35,35,35,,,,,,,,,,,,,,,
fisher,anonymous,,pooled,P(win),,,0.024759147406778814,,,nano vs 5.5,29,35,35,35,,,,,,,,,,,,,,,
fisher,anonymous,,pooled,P(pair),,,0.4584152030120468,,,nano vs mini,24,35,20,35,,,,,,,,,,,,,,,
fisher,anonymous,,pooled,P(pair),,,9.003548380267104e-06,,,mini vs 5.5,20,35,35,35,,,,,,,,,,,,,,,
fisher,anonymous,,pooled,P(pair),,,0.0003856341953809003,,,nano vs 5.5,24,35,35,35,,,,,,,,,,,,,,,
fisher,anonymous,,pooled,P(reach),,,0.035594332047733754,,,nano vs mini,6,35,15,35,,,,,,,,,,,,,,,
fisher,anonymous,,pooled,P(reach),,,4.012664683997008e-08,,,mini vs 5.5,15,35,35,35,,,,,,,,,,,,,,,
fisher,anonymous,,pooled,P(reach),,,8.015932228980965e-14,,,nano vs 5.5,6,35,35,35,,,,,,,,,,,,,,,
fisher,anonymous,,<=300 CU,P(full),,,0.09961685823754791,,,nano vs mini,0,15,4,15,,,,,,,,,,,,,,,
fisher,anonymous,,<=300 CU,P(full),,,4.9975012493753125e-05,,,mini vs 5.5,4,15,15,15,,,,,,,,,,,,,,,
fisher,anonymous,,<=300 CU,P(full),,,1.28934500757877e-08,,,nano vs 5.5,0,15,15,15,,,,,,,,,,,,,,,
fisher,anonymous,,<=300 CU,P(win),,,0.42698650674662664,,,nano vs mini,9,15,12,15,,,,,,,,,,,,,,,
fisher,anonymous,,<=300 CU,P(win),,,0.22413793103448276,,,mini vs 5.5,12,15,15,15,,,,,,,,,,,,,,,
fisher,anonymous,,<=300 CU,P(win),,,0.016858237547892715,,,nano vs 5.5,9,15,15,15,,,,,,,,,,,,,,,
fisher,anonymous,,<=300 CU,P(pair),,,1.0,,,nano vs mini,4,15,5,15,,,,,,,,,,,,,,,
fisher,anonymous,,<=300 CU,P(pair),,,0.00019990004997501247,,,mini vs 5.5,5,15,15,15,,,,,,,,,,,,,,,
fisher,anonymous,,<=300 CU,P(pair),,,4.9975012493753125e-05,,,nano vs 5.5,4,15,15,15,,,,,,,,,,,,,,,
fisher,anonymous,,<=300 CU,P(reach),,,0.09961685823754791,,,nano vs mini,0,15,4,15,,,,,,,,,,,,,,,
fisher,anonymous,,<=300 CU,P(reach),,,4.9975012493753125e-05,,,mini vs 5.5,4,15,15,15,,,,,,,,,,,,,,,
fisher,anonymous,,<=300 CU,P(reach),,,1.28934500757877e-08,,,nano vs 5.5,0,15,15,15,,,,,,,,,,,,,,,
fisher,anonymous,,>=500 CU,P(full),,,0.20028727281230063,,,nano vs mini,6,20,11,20,,,,,,,,,,,,,,,
fisher,anonymous,,>=500 CU,P(full),,,0.0012285012285012285,,,mini vs 5.5,11,20,20,20,,,,,,,,,,,,,,,
fisher,anonymous,,>=500 CU,P(full),,,3.3403815383793145e-06,,,nano vs 5.5,6,20,20,20,,,,,,,,,,,,,,,
fisher,anonymous,,>=500 CU,P(win),,,1.0,,,nano vs mini,20,20,19,20,,,,,,,,,,,,,,,
fisher,anonymous,,>=500 CU,P(win),,,1.0,,,mini vs 5.5,19,20,20,20,,,,,,,,,,,,,,,
fisher,anonymous,,>=500 CU,P(win),,,1.0,,,nano vs 5.5,20,20,20,20,,,,,,,,,,,,,,,
fisher,anonymous,,>=500 CU,P(pair),,,0.047124047124047136,,,nano vs mini,20,20,15,20,,,,,,,,,,,,,,,
fisher,anonymous,,>=500 CU,P(pair),,,0.047124047124047136,,,mini vs 5.5,15,20,20,20,,,,,,,,,,,,,,,
fisher,anonymous,,>=500 CU,P(pair),,,1.0,,,nano vs 5.5,20,20,20,20,,,,,,,,,,,,,,,
fisher,anonymous,,>=500 CU,P(reach),,,0.20028727281230063,,,nano vs mini,6,20,11,20,,,,,,,,,,,,,,,
fisher,anonymous,,>=500 CU,P(reach),,,0.0012285012285012285,,,mini vs 5.5,11,20,20,20,,,,,,,,,,,,,,,
fisher,anonymous,,>=500 CU,P(reach),,,3.3403815383793145e-06,,,nano vs 5.5,6,20,20,20,,,,,,,,,,,,,,,
fisher,named,,pooled,P(full),,,0.016032684292411344,,,nano vs mini,11,35,22,35,,,,,,,,,,,,,,,
fisher,named,,pooled,P(full),,,6.220633426366363e-05,,,mini vs 5.5,22,35,35,35,,,,,,,,,,,,,,,
fisher,named,,pooled,P(full),,,2.378327092338653e-10,,,nano vs 5.5,11,35,35,35,,,,,,,,,,,,,,,
fisher,named,,pooled,P(win),,,0.2391304347826087,,,nano vs mini,35,35,32,35,,,,,,,,,,,,,,,
fisher,named,,pooled,P(win),,,0.2391304347826087,,,mini vs 5.5,32,35,35,35,,,,,,,,,,,,,,,
fisher,named,,pooled,P(win),,,1.0,,,nano vs 5.5,35,35,35,35,,,,,,,,,,,,,,,
fisher,named,,pooled,P(pair),,,0.2435714498491537,,,nano vs mini,25,35,30,35,,,,,,,,,,,,,,,
fisher,named,,pooled,P(pair),,,0.0536448193813541,,,mini vs 5.5,30,35,35,35,,,,,,,,,,,,,,,
fisher,named,,pooled,P(pair),,,0.0009255220689141604,,,nano vs 5.5,25,35,35,35,,,,,,,,,,,,,,,
fisher,named,,pooled,P(reach),,,0.016032684292411344,,,nano vs mini,11,35,22,35,,,,,,,,,,,,,,,
fisher,named,,pooled,P(reach),,,6.220633426366363e-05,,,mini vs 5.5,22,35,35,35,,,,,,,,,,,,,,,
fisher,named,,pooled,P(reach),,,2.378327092338653e-10,,,nano vs 5.5,11,35,35,35,,,,,,,,,,,,,,,
fisher,named,,<=300 CU,P(full),,,0.38984674329501917,,,nano vs mini,2,15,5,15,,,,,,,,,,,,,,,
fisher,named,,<=300 CU,P(full),,,0.00019990004997501247,,,mini vs 5.5,5,15,15,15,,,,,,,,,,,,,,,
fisher,named,,<=300 CU,P(full),,,1.7535092103071267e-06,,,nano vs 5.5,2,15,15,15,,,,,,,,,,,,,,,
fisher,named,,<=300 CU,P(win),,,0.22413793103448276,,,nano vs mini,15,15,12,15,,,,,,,,,,,,,,,
fisher,named,,<=300 CU,P(win),,,0.22413793103448276,,,mini vs 5.5,12,15,15,15,,,,,,,,,,,,,,,
fisher,named,,<=300 CU,P(win),,,1.0,,,nano vs 5.5,15,15,15,15,,,,,,,,,,,,,,,
fisher,named,,<=300 CU,P(pair),,,0.1431109780507063,,,nano vs mini,5,15,10,15,,,,,,,,,,,,,,,
fisher,named,,<=300 CU,P(pair),,,0.0421455938697318,,,mini vs 5.5,10,15,15,15,,,,,,,,,,,,,,,
fisher,named,,<=300 CU,P(pair),,,0.00019990004997501247,,,nano vs 5.5,5,15,15,15,,,,,,,,,,,,,,,
fisher,named,,<=300 CU,P(reach),,,0.38984674329501917,,,nano vs mini,2,15,5,15,,,,,,,,,,,,,,,
fisher,named,,<=300 CU,P(reach),,,0.00019990004997501247,,,mini vs 5.5,5,15,15,15,,,,,,,,,,,,,,,
fisher,named,,<=300 CU,P(reach),,,1.7535092103071267e-06,,,nano vs 5.5,2,15,15,15,,,,,,,,,,,,,,,
fisher,named,,>=500 CU,P(full),,,0.018701126042616593,,,nano vs mini,9,20,17,20,,,,,,,,,,,,,,,
fisher,named,,>=500 CU,P(full),,,0.23076923076923084,,,mini vs 5.5,17,20,20,20,,,,,,,,,,,,,,,
fisher,named,,>=500 CU,P(full),,,0.00014530659691950015,,,nano vs 5.5,9,20,20,20,,,,,,,,,,,,,,,
fisher,named,,>=500 CU,P(win),,,1.0,,,nano vs mini,20,20,20,20,,,,,,,,,,,,,,,
fisher,named,,>=500 CU,P(win),,,1.0,,,mini vs 5.5,20,20,20,20,,,,,,,,,,,,,,,
fisher,named,,>=500 CU,P(win),,,1.0,,,nano vs 5.5,20,20,20,20,,,,,,,,,,,,,,,
fisher,named,,>=500 CU,P(pair),,,1.0,,,nano vs mini,20,20,20,20,,,,,,,,,,,,,,,
fisher,named,,>=500 CU,P(pair),,,1.0,,,mini vs 5.5,20,20,20,20,,,,,,,,,,,,,,,
fisher,named,,>=500 CU,P(pair),,,1.0,,,nano vs 5.5,20,20,20,20,,,,,,,,,,,,,,,
fisher,named,,>=500 CU,P(reach),,,0.018701126042616593,,,nano vs mini,9,20,17,20,,,,,,,,,,,,,,,
fisher,named,,>=500 CU,P(reach),,,0.23076923076923084,,,mini vs 5.5,17,20,20,20,,,,,,,,,,,,,,,
fisher,named,,>=500 CU,P(reach),,,0.00014530659691950015,,,nano vs 5.5,9,20,20,20,,,,,,,,,,,,,,,
trend_tier,anonymous,,,P(full),,,3.710721150380202e-12,,,,,,,,6.947782644374346,"[6, 15, 35]",,,,,,,,,,,,,
trend_budget,anonymous,nano,,P(full),,,0.043566706306186094,,,,,,,,2.018235829151035,"[0, 0, 0, 3, 0, 0, 3]",,,,,,,,,,,,,
trend_budget,anonymous,mini,,P(full),,,0.12428287406255224,,,,,,,,1.53704261489394,"[1, 2, 1, 2, 4, 2, 3]",,,,,,,,,,,,,
trend_budget,anonymous,5.5,,P(full),,,nan,,,,,,,,nan,"[5, 5, 5, 5, 5, 5, 5]",,,,,,,,,,,,,
trend_tier,anonymous,,,P(win),,,0.014564316140217269,,,,,,,,2.443035213137866,"[29, 31, 35]",,,,,,,,,,,,,
trend_budget,anonymous,nano,,P(win),,,0.0007689774040021705,,,,,,,,3.3637263819183922,"[1, 4, 4, 5, 5, 5, 5]",,,,,,,,,,,,,
trend_budget,anonymous,mini,,P(win),,,0.1841123349482895,,,,,,,,1.328199120322629,"[4, 3, 5, 5, 5, 4, 5]",,,,,,,,,,,,,
trend_budget,anonymous,5.5,,P(win),,,nan,,,,,,,,nan,"[5, 5, 5, 5, 5, 5, 5]",,,,,,,,,,,,,
trend_tier,anonymous,,,P(pair),,,0.002318924419552511,,,,,,,,3.046019958109206,"[24, 20, 35]",,,,,,,,,,,,,
trend_budget,anonymous,nano,,P(pair),,,5.3297913180173526e-06,,,,,,,,4.55136925784012,"[0, 1, 3, 5, 5, 5, 5]",,,,,,,,,,,,,
trend_budget,anonymous,mini,,P(pair),,,0.06029808713337021,,,,,,,,1.8786076404259264,"[2, 2, 1, 3, 5, 4, 3]",,,,,,,,,,,,,
trend_budget,anonymous,5.5,,P(pair),,,nan,,,,,,,,nan,"[5, 5, 5, 5, 5, 5, 5]",,,,,,,,,,,,,
trend_tier,anonymous,,,P(reach),,,3.710721150380202e-12,,,,,,,,6.947782644374346,"[6, 15, 35]",,,,,,,,,,,,,
trend_budget,anonymous,nano,,P(reach),,,0.043566706306186094,,,,,,,,2.018235829151035,"[0, 0, 0, 3, 0, 0, 3]",,,,,,,,,,,,,
trend_budget,anonymous,mini,,P(reach),,,0.12428287406255224,,,,,,,,1.53704261489394,"[1, 2, 1, 2, 4, 2, 3]",,,,,,,,,,,,,
trend_budget,anonymous,5.5,,P(reach),,,nan,,,,,,,,nan,"[5, 5, 5, 5, 5, 5, 5]",,,,,,,,,,,,,
trend_tier,named,,,P(full),,,1.9160617529889744e-09,,,,,,,,6.004767581205165,"[11, 22, 35]",,,,,,,,,,,,,
trend_budget,named,nano,,P(full),,,0.010810456627395073,,,,,,,,2.5487667843904673,"[0, 1, 1, 1, 2, 3, 3]",,,,,,,,,,,,,
trend_budget,named,mini,,P(full),,,0.0029441134531116627,,,,,,,,2.973513614696125,"[2, 1, 2, 4, 4, 4, 5]",,,,,,,,,,,,,
trend_budget,named,5.5,,P(full),,,nan,,,,,,,,nan,"[5, 5, 5, 5, 5, 5, 5]",,,,,,,,,,,,,
trend_tier,named,,,P(win),,,1.0,,,,,,,,0.0,"[35, 32, 35]",,,,,,,,,,,,,
trend_budget,named,nano,,P(win),,,nan,,,,,,,,nan,"[5, 5, 5, 5, 5, 5, 5]",,,,,,,,,,,,,
trend_budget,named,mini,,P(win),,,0.034572894046547724,,,,,,,,2.1133257754859596,"[4, 3, 5, 5, 5, 5, 5]",,,,,,,,,,,,,
trend_budget,named,5.5,,P(win),,,nan,,,,,,,,nan,"[5, 5, 5, 5, 5, 5, 5]",,,,,,,,,,,,,
trend_tier,named,,,P(pair),,,0.0006362991412402069,,,,,,,,3.4156502553198655,"[25, 30, 35]",,,,,,,,,,,,,
trend_budget,named,nano,,P(pair),,,1.6857238597662476e-05,,,,,,,,4.3029059947900326,"[0, 2, 3, 5, 5, 5, 5]",,,,,,,,,,,,,
trend_budget,named,mini,,P(pair),,,0.015725299754505356,,,,,,,,2.4152294576982394,"[4, 2, 4, 5, 5, 5, 5]",,,,,,,,,,,,,
trend_budget,named,5.5,,P(pair),,,nan,,,,,,,,nan,"[5, 5, 5, 5, 5, 5, 5]",,,,,,,,,,,,,
trend_tier,named,,,P(reach),,,1.9160617529889744e-09,,,,,,,,6.004767581205165,"[11, 22, 35]",,,,,,,,,,,,,
trend_budget,named,nano,,P(reach),,,0.010810456627395073,,,,,,,,2.5487667843904673,"[0, 1, 1, 1, 2, 3, 3]",,,,,,,,,,,,,
trend_budget,named,mini,,P(reach),,,0.0029441134531116627,,,,,,,,2.973513614696125,"[2, 1, 2, 4, 4, 4, 5]",,,,,,,,,,,,,
trend_budget,named,5.5,,P(reach),,,nan,,,,,,,,nan,"[5, 5, 5, 5, 5, 5, 5]",,,,,,,,,,,,,
logit_nano_mini,,,,P(full),,,0.00025557242273859145,2.0529116998855823,10.816790717947491,,,,,,,,mini,1.550179374887372,0.4239389020715355,4.712315377825234,,,,,,,,,
logit_nano_mini,,,,P(full),,,1.695566660760542e-05,1.5558282965876828,3.260742411839804,,,,,,,,budget_doubling,0.8119814867874968,0.18876194712088246,2.2523666025369704,,,,,,,,,
logit_nano_mini,,,,P(full),,,0.019959853096338645,1.1629477621221498,5.829453285192302,,,,,,,,named,0.9569405879390472,0.4112156285210605,2.60371842801982,,,,,,,,,
logit_nano_mini,,,,P(win),,,0.7491700555380783,0.23152137713470394,2.865339079218047,,,,,,,,mini,-0.2051981862316418,0.6417780008433046,0.814485880527371,,,,,,,,,
logit_nano_mini,,,,P(win),,,0.004711282512051707,1.6788615397687685,17.51437358272533,,,,,,,,budget_doubling,1.690568900098095,0.5981903016807828,5.422564725402519,,,,,,,,,
logit_nano_mini,,,,P(win),,,0.03980981684360253,1.071137834976068,17.870471579498002,,,,,,,,named,1.4759355994580374,0.7179663871513198,4.375127225311836,,,,,,,,,
logit_nano_mini,,,,P(pair),,,0.8195589972769493,0.45353224381572127,2.715502477632163,,,,,,,,mini,0.10414404943300147,0.45654742931786435,1.1097603037447614,,,,,,,,,
logit_nano_mini,,,,P(pair),,,2.636389963906396e-07,2.6749653495778065,8.97006537391611,,,,,,,,budget_doubling,1.5889146954706799,0.3086623819568693,4.898429754387959,,,,,,,,,
logit_nano_mini,,,,P(pair),,,0.016850574520329065,1.2231478766338397,7.674509807966956,,,,,,,,named,1.1196660925944506,0.46848894396444857,3.0638309966152435,,,,,,,,,
logit_nano_mini,,,,P(reach),,,0.00025557242273859145,2.0529116998855823,10.816790717947491,,,,,,,,mini,1.550179374887372,0.4239389020715355,4.712315377825234,,,,,,,,,
logit_nano_mini,,,,P(reach),,,1.695566660760542e-05,1.5558282965876828,3.260742411839804,,,,,,,,budget_doubling,0.8119814867874968,0.18876194712088246,2.2523666025369704,,,,,,,,,
logit_nano_mini,,,,P(reach),,,0.019959853096338645,1.1629477621221498,5.829453285192302,,,,,,,,named,0.9569405879390472,0.4112156285210605,2.60371842801982,,,,,,,,,
continuous,,nano,,unnecessary_CU_fraction,,34,,0.4175541981420231,0.504637158960208,,,,,,,,,,,,0.4623781147385715,0.4860335195530726,,,,,,,
continuous,,mini,,unnecessary_CU_fraction,,34,,0.22224722147126347,0.3744662209798015,,,,,,,,,,,,0.2984859801729206,0.30407334211682036,,,,,,,
continuous,,5.5,,unnecessary_CU_fraction,,35,,0.13622026064885306,0.25619149594129487,,,,,,,,,,,,0.19271884094470662,0.13302752293577982,,,,,,,
mannwhitney,,,,unnecessary_CU_fraction,,,0.0020947593326413804,,,nano vs mini,,,,,,,,,,,,,,,,,,,
mannwhitney,,,,unnecessary_CU_fraction,,,0.05871887138861205,,,mini vs 5.5,,,,,,,,,,,,,,,,,,,
mannwhitney,,,,unnecessary_CU_fraction,,,1.380885495946083e-07,,,nano vs 5.5,,,,,,,,,,,,,,,,,,,
continuous,,nano,,CU_to_stable_correct_winner,,29,,227.0,263.0,,,,,,,,,,,,245.0,242.0,,,,,,,
continuous,,mini,,CU_to_stable_correct_winner,,31,,173.61129032258066,284.7096774193548,,,,,,,,,,,,223.51612903225808,155.0,,,,,,,
continuous,,5.5,,CU_to_stable_correct_winner,,35,,191.37142857142857,294.74285714285713,,,,,,,,,,,,241.25714285714287,155.0,,,,,,,
mannwhitney,,,,CU_to_stable_correct_winner,,,0.00011527503380091389,,,nano vs mini,,,,,,,,,,,,,,,,,,,
mannwhitney,,,,CU_to_stable_correct_winner,,,0.08396387214443966,,,mini vs 5.5,,,,,,,,,,,,,,,,,,,
mannwhitney,,,,CU_to_stable_correct_winner,,,0.0024213405223803388,,,nano vs 5.5,,,,,,,,,,,,,,,,,,,
continuous,,nano,,spent_CU,,35,,302.28499999999997,388.5721428571428,,,,,,,,,,,,344.9428571428571,358.0,,,,,,,
continuous,,mini,,spent_CU,,35,,244.34,355.65928571428566,,,,,,,,,,,,296.0571428571429,233.0,,,,,,,
continuous,,5.5,,spent_CU,,35,,306.96785714285716,546.4864285714285,,,,,,,,,,,,414.65714285714284,268.0,,,,,,,
mannwhitney,,,,spent_CU,,,0.0462132342997277,,,nano vs mini,,,,,,,,,,,,,,,,,,,
mannwhitney,,,,spent_CU,,,0.19232274186240372,,,mini vs 5.5,,,,,,,,,,,,,,,,,,,
mannwhitney,,,,spent_CU,,,0.3735434703382642,,,nano vs 5.5,,,,,,,,,,,,,,,,,,,
continuous,,nano,,action_errors,,35,,1.542857142857143,2.5714285714285716,,,,,,,,,,,,2.057142857142857,2.0,,,,,,,
continuous,,mini,,action_errors,,35,,1.2857142857142858,3.4,,,,,,,,,,,,2.1714285714285713,1.0,,,,,,,
continuous,,5.5,,action_errors,,35,,0.0,0.0,,,,,,,,,,,,0.0,0.0,,,,,,,
mannwhitney,,,,action_errors,,,0.35201510864366337,,,nano vs mini,,,,,,,,,,,,,,,,,,,
mannwhitney,,,,action_errors,,,2.2277305544275133e-10,,,mini vs 5.5,,,,,,,,,,,,,,,,,,,
mannwhitney,,,,action_errors,,,2.3822976628856222e-11,,,nano vs 5.5,,,,,,,,,,,,,,,,,,,
continuous,,nano,,decision_regret_USD_t,,30,,0.0,0.6738890111189868,,,,,,,,,,,,0.22462967037299558,0.0,,,,,,,
continuous,,mini,,decision_regret_USD_t,,32,,0.0,0.6317709479240501,,,,,,,,,,,,0.21059031597468336,0.0,,,,,,,
continuous,,5.5,,decision_regret_USD_t,,35,,0.0,0.0,,,,,,,,,,,,0.0,0.0,,,,,,,
mannwhitney,,,,decision_regret_USD_t,,,0.9816413639062046,,,nano vs mini,,,,,,,,,,,,,,,,,,,
mannwhitney,,,,decision_regret_USD_t,,,0.30965590304585666,,,mini vs 5.5,,,,,,,,,,,,,,,,,,,
mannwhitney,,,,decision_regret_USD_t,,,0.2940571914834258,,,nano vs 5.5,,,,,,,,,,,,,,,,,,,
continuous,,nano,,break_even_rel_error,,6,,9.887116682761115e-16,9.887116682761115e-16,,,,,,,,,,,,9.887116682761115e-16,9.887116682761115e-16,,,,,,,
continuous,,mini,,break_even_rel_error,,18,,9.887116682761117e-16,0.27639733336408023,,,,,,,,,,,,0.11055893334563267,9.887116682761115e-16,,,,,,,
continuous,,5.5,,break_even_rel_error,,35,,9.887116682761113e-16,0.0803165663875738,,,,,,,,,,,,0.026772188795858687,9.887116682761115e-16,,,,,,,
mannwhitney,,,,break_even_rel_error,,,0.4441069041312541,,,nano vs mini,,,,,,,,,,,,,,,,,,,
mannwhitney,,,,break_even_rel_error,,,0.4480748284219285,,,mini vs 5.5,,,,,,,,,,,,,,,,,,,
mannwhitney,,,,break_even_rel_error,,,0.5868455210012646,,,nano vs 5.5,,,,,,,,,,,,,,,,,,,
prereg_go,,nano,,,,,,,,,,,,,,,,,,,,,200,a,0,155.0,,,
prereg_go,,nano,,,,,,,,,,,,,,,,,,,,,200,c,0,0.0,,,
prereg_go,,nano,,,,,,,,,,,,,,,,,,,,,200,d,0,0,,,
prereg_go,,mini,,,,,,,,,,,,,,,,,,,,,200,a,2,155.0,,,
prereg_go,,mini,,,,,,,,,,,,,,,,,,,,,200,c,0,0.0,,,
prereg_go,,mini,,,,,,,,,,,,,,,,,,,,,200,d,1,0,,,
prereg_go,,5.5,,,,,,,,,,,,,,,,,,,,,200,a,2,155.0,,,
prereg_go,,5.5,,,,,,,,,,,,,,,,,,,,,200,c,0,0.0,,,
prereg_go,,5.5,,,,,,,,,,,,,,,,,,,,,200,d,5,0,,,
prereg_go,,nano,,,,,,,,,,,,,,,,,,,,,250,a,0,155.0,,,
prereg_go,,nano,,,,,,,,,,,,,,,,,,,,,250,c,0,0.11740890688259109,,,
prereg_go,,nano,,,,,,,,,,,,,,,,,,,,,250,d,0,1,,,
prereg_go,,mini,,,,,,,,,,,,,,,,,,,,,250,a,2,155.0,,,
prereg_go,,mini,,,,,,,,,,,,,,,,,,,,,250,c,2,0.11740890688259109,,,
prereg_go,,mini,,,,,,,,,,,,,,,,,,,,,250,d,0,1,,,
prereg_go,,5.5,,,,,,,,,,,,,,,,,,,,,250,a,0,155.0,,,
prereg_go,,5.5,,,,,,,,,,,,,,,,,,,,,250,c,0,0.11740890688259109,,,
prereg_go,,5.5,,,,,,,,,,,,,,,,,,,,,250,d,0,1,,,
prereg_go,,nano,,,,,,,,,,,,,,,,,,,,,300,a,0,155.0,,,
prereg_go,,nano,,,,,,,,,,,,,,,,,,,,,300,c,0,0.10320284697508897,,,
prereg_go,,nano,,,,,,,,,,,,,,,,,,,,,300,d,0,1,,,
prereg_go,,mini,,,,,,,,,,,,,,,,,,,,,300,a,3,155.0,,,
prereg_go,,mini,,,,,,,,,,,,,,,,,,,,,300,c,1,0.10320284697508897,,,
prereg_go,,mini,,,,,,,,,,,,,,,,,,,,,300,d,0,1,,,
prereg_go,,5.5,,,,,,,,,,,,,,,,,,,,,300,a,0,155.0,,,
prereg_go,,5.5,,,,,,,,,,,,,,,,,,,,,300,c,0,0.10320284697508897,,,
prereg_go,,5.5,,,,,,,,,,,,,,,,,,,,,300,d,0,1,,,
prereg_go,,nano,,,,,,,,,,,,,,,,,,,,,500,a,0,155.0,,,
prereg_go,,nano,,,,,,,,,,,,,,,,,,,,,500,c,0,0.10320284697508897,,,
prereg_go,,nano,,,,,,,,,,,,,,,,,,,,,500,d,0,1,,,
prereg_go,,mini,,,,,,,,,,,,,,,,,,,,,500,a,1,155.0,,,
prereg_go,,mini,,,,,,,,,,,,,,,,,,,,,500,c,1,0.10320284697508897,,,
prereg_go,,mini,,,,,,,,,,,,,,,,,,,,,500,d,0,1,,,
prereg_go,,5.5,,,,,,,,,,,,,,,,,,,,,500,a,0,155.0,,,
prereg_go,,5.5,,,,,,,,,,,,,,,,,,,,,500,c,1,0.10320284697508897,,,
prereg_go,,5.5,,,,,,,,,,,,,,,,,,,,,500,d,0,1,,,
prereg_go,,nano,,,,,,,,,,,,,,,,,,,,,800,a,0,155.0,,,
prereg_go,,nano,,,,,,,,,,,,,,,,,,,,,800,c,0,0.10320284697508897,,,
prereg_go,,nano,,,,,,,,,,,,,,,,,,,,,800,d,0,1,,,
prereg_go,,mini,,,,,,,,,,,,,,,,,,,,,800,a,2,155.0,,,
prereg_go,,mini,,,,,,,,,,,,,,,,,,,,,800,c,0,0.10320284697508897,,,
prereg_go,,mini,,,,,,,,,,,,,,,,,,,,,800,d,0,1,,,
prereg_go,,5.5,,,,,,,,,,,,,,,,,,,,,800,a,0,155.0,,,
prereg_go,,5.5,,,,,,,,,,,,,,,,,,,,,800,c,0,0.10320284697508897,,,
prereg_go,,5.5,,,,,,,,,,,,,,,,,,,,,800,d,0,1,,,
prereg_go,,nano,,,,,,,,,,,,,,,,,,,,,1200,a,0,155.0,,,
prereg_go,,nano,,,,,,,,,,,,,,,,,,,,,1200,c,0,0.10320284697508897,,,
prereg_go,,nano,,,,,,,,,,,,,,,,,,,,,1200,d,0,1,,,
prereg_go,,mini,,,,,,,,,,,,,,,,,,,,,1200,a,0,155.0,,,
prereg_go,,mini,,,,,,,,,,,,,,,,,,,,,1200,c,1,0.10320284697508897,,,
prereg_go,,mini,,,,,,,,,,,,,,,,,,,,,1200,d,0,1,,,
prereg_go,,5.5,,,,,,,,,,,,,,,,,,,,,1200,a,0,155.0,,,
prereg_go,,5.5,,,,,,,,,,,,,,,,,,,,,1200,c,1,0.10320284697508897,,,
prereg_go,,5.5,,,,,,,,,,,,,,,,,,,,,1200,d,0,1,,,
prereg_go,,nano,,,,,,,,,,,,,,,,,,,,,2000,a,0,155.0,,,
prereg_go,,nano,,,,,,,,,,,,,,,,,,,,,2000,c,0,0.10320284697508897,,,
prereg_go,,nano,,,,,,,,,,,,,,,,,,,,,2000,d,0,1,,,
prereg_go,,mini,,,,,,,,,,,,,,,,,,,,,2000,a,1,155.0,,,
prereg_go,,mini,,,,,,,,,,,,,,,,,,,,,2000,c,1,0.10320284697508897,,,
prereg_go,,mini,,,,,,,,,,,,,,,,,,,,,2000,d,0,1,,,
prereg_go,,5.5,,,,,,,,,,,,,,,,,,,,,2000,a,0,155.0,,,
prereg_go,,5.5,,,,,,,,,,,,,,,,,,,,,2000,c,0,0.10320284697508897,,,
prereg_go,,5.5,,,,,,,,,,,,,,,,,,,,,2000,d,0,1,,,
prereg_go_summary,,,,,,,,,,,,,,,,,,,,,,,200,d,,,5.5,1,False
