id,entry,catalyst,canonical_state,treatment,price_eur_kg,catalyst_t,frozen,off,on,cat_repl_eur_t,abs_diff
T4-21,Table 4 row 21,5 wt % Re/TiO2 [Table 4 row 21],,inert,268.9125622,80.55555556,928.2649354,928.2649354,935.1814108,6.224827829,1.136868377e-13
T4-21,Table 4 row 21,5 wt % Re/TiO2 [Table 4 row 21],,rec,268.9125622,80.55555556,920.970528,920.970528,927.8870034,6.224827829,1.136868377e-13
T4-20,Table 4 row 20,5 wt % Re/TiO2 [Table 4 row 20],,inert,268.9125622,82.85714286,931.5719228,931.5719228,938.6860117,6.402680053,1.136868377e-13
T4-20,Table 4 row 20,5 wt % Re/TiO2 [Table 4 row 20],,rec,268.9125622,82.85714286,931.5719228,931.5719228,938.6860117,6.402680053,1.136868377e-13
T4-19,Table 4 row 19,5 wt % Re/TiO2 [Table 4 row 19],,inert,268.9125622,90.625,935.4199066,935.4199066,943.2009414,7.002931308,0
T4-19,Table 4 row 19,5 wt % Re/TiO2 [Table 4 row 19],,rec,268.9125622,90.625,932.6548626,932.6548626,940.4358974,7.002931308,0
T4-01,Table 4 row 1,1 wt % Re/TiO2 [Table 4 row 1],,inert,65.21253299,966.6666667,1488.302075,1488.302075,1508.4294,18.1145925,0
T4-01,Table 4 row 1,1 wt % Re/TiO2 [Table 4 row 1],,rec,65.21253299,966.6666667,1488.302075,1488.302075,1508.4294,18.1145925,0
T4-02,Table 4 row 2,1 wt % Re/TiO2 [Table 4 row 2],,inert,65.21253299,517.8571429,2213.62062,2213.62062,2224.403115,9.704245981,0
T4-02,Table 4 row 2,1 wt % Re/TiO2 [Table 4 row 2],,rec,65.21253299,517.8571429,2213.315376,2213.315376,2224.097871,9.704245981,0
T4-03,Table 4 row 3,1 wt % Re/TiO2 [Table 4 row 3],1 wt% Re | 200 C,inert,65.21253299,263.6363636,966.9637967,966.9637967,972.4530671,4.940343408,1.136868377e-13
T4-03,Table 4 row 3,1 wt % Re/TiO2 [Table 4 row 3],1 wt% Re | 200 C,rec,65.21253299,263.6363636,965.761883,965.761883,971.2511535,4.940343408,0
T4-04,Table 4 row 4,1 wt % Re/TiO2 [Table 4 row 4],1 wt% Re | 250 C,inert,65.21253299,223.0769231,961.5094971,961.5094971,966.1542644,4.180290576,1.136868377e-13
T4-04,Table 4 row 4,1 wt % Re/TiO2 [Table 4 row 4],1 wt% Re | 250 C,rec,65.21253299,223.0769231,957.6834423,957.6834423,962.3282096,4.180290576,0
T4-05,Table 4 row 5,5 wt % Re/TiO2 [Table 4 row 5],,inert,268.9125622,1450,1445.369088,1445.369088,1569.865645,112.0469009,0
T4-05,Table 4 row 5,5 wt % Re/TiO2 [Table 4 row 5],,rec,268.9125622,1450,1445.369088,1445.369088,1569.865645,112.0469009,0
T4-06,Table 4 row 6,5 wt % Re/TiO2 [Table 4 row 6],,inert,268.9125622,362.5,993.1794238,993.1794238,1024.303563,28.01172523,1.136868377e-13
T4-06,Table 4 row 6,5 wt % Re/TiO2 [Table 4 row 6],,rec,268.9125622,362.5,993.1794238,993.1794238,1024.303563,28.01172523,1.136868377e-13
T4-07,Table 4 row 7,5 wt % Re/TiO2 [Table 4 row 7],,inert,268.9125622,223.0769231,1462.408408,1462.408408,1481.561725,17.23798476,0
T4-07,Table 4 row 7,5 wt % Re/TiO2 [Table 4 row 7],,rec,268.9125622,223.0769231,1462.408408,1462.408408,1481.561725,17.23798476,0
T4-10,Table 4 row 10,5 wt % Re/TiO2 [Table 4 row 10],5 wt% Re | 250 C,inert,268.9125622,181.25,1258.170256,1258.170256,1273.732326,14.00586262,2.273736754e-13
T4-10,Table 4 row 10,5 wt % Re/TiO2 [Table 4 row 10],5 wt% Re | 250 C,rec,268.9125622,181.25,1253.858815,1253.858815,1269.420884,14.00586262,2.273736754e-13
T4-11,Table 4 row 11,5 wt % Re/TiO2 [Table 4 row 11],5 wt% Re | 200 C,inert,268.9125622,161.1111111,943.3025005,943.3025005,957.1354512,12.44965566,1.136868377e-13
T4-11,Table 4 row 11,5 wt % Re/TiO2 [Table 4 row 11],5 wt% Re | 200 C,rec,268.9125622,161.1111111,943.3025005,943.3025005,957.1354512,12.44965566,1.136868377e-13
T4-08,Table 4 row 8,5 wt % Re/TiO2 [Table 4 row 8],,inert,268.9125622,96.66666667,1050.702412,1050.702412,1059.002182,7.469793395,0
T4-08,Table 4 row 8,5 wt % Re/TiO2 [Table 4 row 8],,rec,268.9125622,96.66666667,1050.702412,1050.702412,1059.002182,7.469793395,0
T4-12,Table 4 row 12,5 wt % Re/TiO2 [Table 4 row 12],,inert,268.9125622,78.37837838,930.1103029,930.1103029,936.8398465,6.056589239,0
T4-12,Table 4 row 12,5 wt % Re/TiO2 [Table 4 row 12],,rec,268.9125622,78.37837838,930.1103029,930.1103029,936.8398465,6.056589239,0
T4-13,Table 4 row 13,5 wt % Re/TiO2 [Table 4 row 13],,inert,268.9125622,60.41666667,930.9632775,930.9632775,936.150634,4.668620872,0
T4-13,Table 4 row 13,5 wt % Re/TiO2 [Table 4 row 13],,rec,268.9125622,60.41666667,930.9632775,930.9632775,936.150634,4.668620872,0
T4-09,Table 4 row 9,5 wt % Re/TiO2 [Table 4 row 9],,inert,268.9125622,59.18367347,1004.74025,1004.74025,1009.821742,4.573342895,1.136868377e-13
T4-09,Table 4 row 9,5 wt % Re/TiO2 [Table 4 row 9],,rec,268.9125622,59.18367347,1004.74025,1004.74025,1009.821742,4.573342895,1.136868377e-13
T4-14,Table 4 row 14,5 wt % Re/TiO2 [Table 4 row 14],,inert,268.9125622,49.15254237,936.8413809,936.8413809,941.0616031,3.798200031,1.136868377e-13
T4-14,Table 4 row 14,5 wt % Re/TiO2 [Table 4 row 14],,rec,268.9125622,49.15254237,936.8413809,936.8413809,941.0616031,3.798200031,1.136868377e-13
T4-18,Table 4 row 18,5 wt % Re/TiO2 [Table 4 row 18],,inert,268.9125622,483.3333333,1279.759266,1279.759266,1321.258118,37.34896698,0
T4-18,Table 4 row 18,5 wt % Re/TiO2 [Table 4 row 18],,rec,268.9125622,483.3333333,1279.759266,1279.759266,1321.258118,37.34896698,0
T4-17,Table 4 row 17,5 wt % Re/TiO2 [Table 4 row 17],,inert,268.9125622,322.2222222,1118.159833,1118.159833,1145.825735,24.89931132,0
T4-17,Table 4 row 17,5 wt % Re/TiO2 [Table 4 row 17],,rec,268.9125622,322.2222222,1118.159833,1118.159833,1145.825735,24.89931132,0
T4-16,Table 4 row 16,5 wt % Re/TiO2 [Table 4 row 16],,inert,268.9125622,181.25,1007.273855,1007.273855,1022.835925,14.00586262,0
T4-16,Table 4 row 16,5 wt % Re/TiO2 [Table 4 row 16],,rec,268.9125622,181.25,1007.273855,1007.273855,1022.835925,14.00586262,0
T4-15,Table 4 row 15,5 wt % Re/TiO2 [Table 4 row 15],,inert,268.9125622,145,980.0888783,980.0888783,992.538534,11.20469009,0
T4-15,Table 4 row 15,5 wt % Re/TiO2 [Table 4 row 15],,rec,268.9125622,145,980.0888783,980.0888783,992.538534,11.20469009,0
