Purge,1 wt% Re / 200 C,5 wt% Re / 200 C,1 wt% Re / 250 C,5 wt% Re / 250 C
0.5,895.25,907.43,917.63,1232.57
0.6,900.02,909.62,921.3,1232.96
0.7,904.8,911.9,925.04,1233.86
0.8,909.6,914.23,928.83,1235.09
0.9,914.4,916.6,932.64,1236.54
1,919.2,918.99,936.48,1238.16
1.1,923.99,921.39,940.32,1239.91
1.2,928.79,923.81,944.17,1241.74
1.3,933.58,926.24,948.02,1243.65
1.4,938.36,928.67,951.87,1245.62
1.5,943.14,931.1,955.73,1247.63
1.6,947.91,933.54,959.58,1249.68
1.7,952.68,935.98,963.44,1251.77
1.8,957.45,938.42,967.29,1253.88
1.9,962.21,940.86,971.14,1256.02
2,966.96,943.3,974.99,1258.17
2.1,971.72,945.74,978.84,1260.34
2.2,976.46,948.18,982.69,1262.53
2.3,981.21,950.62,986.53,1264.73
2.4,985.95,953.06,990.37,1266.94
2.5,990.68,955.5,994.21,1269.16
2.6,995.41,957.94,998.05,1271.38
2.7,1000.14,960.38,1001.88,1273.62
2.8,1004.87,962.81,1005.72,1275.86
2.9,1009.59,965.25,1009.55,1278.11
3,1014.31,967.68,1013.38,1280.37
3.1,1019.03,970.11,1017.21,1282.62
3.2,1023.74,972.55,1021.03,1284.89
3.3,1028.45,974.98,1024.86,1287.16
3.4,1033.16,977.41,1028.68,1289.43
3.5,1037.87,979.83,1032.5,1291.7
3.6,1042.57,982.26,1036.32,1293.98
3.7,1047.27,984.69,1040.14,1296.26
3.8,1051.97,987.11,1043.95,1298.54
3.9,1056.66,989.54,1047.76,1300.83
4,1061.36,991.96,1051.58,1303.11
4.1,1066.05,994.38,1055.39,1305.4
4.2,1070.74,996.81,1059.2,1307.69
4.3,1075.43,999.23,1063,1309.98
4.4,1080.11,1001.65,1066.81,1312.28
4.5,1084.8,1004.07,1070.61,1314.57
4.6,1089.48,1006.48,1074.42,1316.87
4.7,1094.16,1008.9,1078.22,1319.16
4.8,1098.84,1011.32,1082.02,1321.46
4.9,1103.51,1013.73,1085.82,1323.76
5,1108.19,1016.15,1089.61,1326.06
5.1,1112.86,1018.56,1093.41,1328.36
5.2,1117.53,1020.97,1097.21,1330.66
5.3,1122.2,1023.39,1101,1332.96
5.4,1126.87,1025.8,1104.79,1335.27
5.5,1131.54,1028.21,1108.58,1337.57
5.6,1136.2,1030.62,1112.37,1339.87
5.7,1140.87,1033.03,1116.16,1342.18
5.8,1145.53,1035.44,1119.95,1344.48
5.9,1150.19,1037.84,1123.74,1346.79
6,1154.85,1040.25,1127.52,1349.09
6.1,1159.51,1042.66,1131.31,1351.4
6.2,1164.17,1045.06,1135.09,1353.7
6.3,1168.82,1047.47,1138.88,1356.01
6.4,1173.48,1049.87,1142.66,1358.32
6.5,1178.13,1052.27,1146.44,1360.62
6.6,1182.78,1054.68,1150.22,1362.93
6.7,1187.43,1057.08,1154,1365.24
6.8,1192.08,1059.48,1157.77,1367.54
6.9,1196.73,1061.88,1161.55,1369.85
7,1201.38,1064.28,1165.33,1372.16
7.1,1206.03,1066.68,1169.1,1374.46
7.2,1210.67,1069.08,1172.88,1376.77
7.3,1215.32,1071.48,1176.65,1379.08
7.4,1219.96,1073.88,1180.42,1381.39
7.5,1224.6,1076.27,1184.2,1383.69
7.6,1229.24,1078.67,1187.97,1386
7.7,1233.88,1081.07,1191.74,1388.31
7.8,1238.52,1083.46,1195.51,1390.62
7.9,1243.16,1085.86,1199.27,1392.92
8,1247.8,1088.25,1203.04,1395.23
8.1,1252.44,1090.65,1206.81,1397.54
8.2,1257.07,1093.04,1210.58,1399.85
8.3,1261.71,1095.43,1214.34,1402.15
8.4,1266.34,1097.83,1218.11,1404.46
8.5,1270.97,1100.22,1221.87,1406.77
8.6,1275.6,1102.61,1225.63,1409.08
8.7,1280.23,1105,1229.4,1411.38
8.8,1284.86,1107.39,1233.16,1413.69
8.9,1289.49,1109.78,1236.92,1416
9,1294.12,1112.17,1240.68,1418.3
9.1,1298.75,1114.56,1244.44,1420.61
9.2,1303.38,1116.95,1248.2,1422.92
9.3,1308,1119.34,1251.96,1425.22
9.4,1312.63,1121.73,1255.72,1427.53
9.5,1317.25,1124.12,1259.47,1429.84
9.6,1321.88,1126.5,1263.23,1432.14
9.7,1326.5,1128.89,1266.99,1434.45
9.8,1331.12,1131.28,1270.74,1436.76
9.9,1335.74,1133.66,1274.5,1439.06
10,1340.36,1136.05,1278.25,1441.37
10.1,1344.98,1138.43,1282.01,1443.67
10.2,1349.6,1140.82,1285.76,1445.98
10.3,1354.22,1143.2,1289.51,1448.28
10.4,1358.84,1145.59,1293.26,1450.59
10.5,1363.46,1147.97,1297.02,1452.9
10.6,1368.07,1150.35,1300.77,1455.2
10.7,1372.69,1152.73,1304.52,1457.51
10.8,1377.3,1155.12,1308.27,1459.81
10.9,1381.92,1157.5,1312.02,1462.12
11,1386.53,1159.88,1315.76,1464.42
11.1,1391.15,1162.26,1319.51,1466.72
11.2,1395.76,1164.64,1323.26,1469.03
11.3,1400.37,1167.02,1327.01,1471.33
11.4,1404.98,1169.4,1330.75,1473.64
11.5,1409.59,1171.78,1334.5,1475.94
11.6,1414.2,1174.16,1338.25,1478.24
11.7,1418.81,1176.54,1341.99,1480.55
11.8,1423.42,1178.92,1345.74,1482.85
11.9,1428.03,1181.3,1349.48,1485.16
12,1432.64,1183.68,1353.22,1487.46
12.1,1437.24,1186.06,1356.97,1489.76
12.2,1441.85,1188.43,1360.71,1492.06
12.3,1446.46,1190.81,1364.45,1494.37
12.4,1451.06,1193.19,1368.19,1496.67
12.5,1455.67,1195.56,1371.93,1498.97
12.6,1460.27,1197.94,1375.68,1501.27
12.7,1464.87,1200.32,1379.42,1503.58
12.8,1469.48,1202.69,1383.16,1505.88
12.9,1474.08,1205.07,1386.9,1508.18
13,1478.68,1207.44,1390.64,1510.48
13.1,1483.28,1209.82,1394.37,1512.78
13.2,1487.89,1212.19,1398.11,1515.09
13.3,1492.49,1214.57,1401.85,1517.39
13.4,1497.09,1216.94,1405.59,1519.69
13.5,1501.69,1219.31,1409.32,1521.99
13.6,1506.28,1221.69,1413.06,1524.29
13.7,1510.88,1224.06,1416.8,1526.59
13.8,1515.48,1226.43,1420.53,1528.89
13.9,1520.08,1228.8,1424.27,1531.19
14,1524.68,1231.18,1428,1533.49
14.1,1529.27,1233.55,1431.74,1535.79
14.2,1533.87,1235.92,1435.47,1538.09
14.3,1538.46,1238.29,1439.21,1540.39
14.4,1543.06,1240.66,1442.94,1542.69
14.5,1547.65,1243.03,1446.67,1544.99
14.6,1552.25,1245.4,1450.4,1547.29
14.7,1556.84,1247.77,1454.14,1549.59
14.8,1561.44,1250.14,1457.87,1551.89
14.9,1566.03,1252.51,1461.6,1554.19
15,1570.62,1254.88,1465.33,1556.49
15.1,1575.21,1257.25,1469.06,1558.79
15.2,1579.8,1259.62,1472.79,1561.09
15.3,1584.4,1261.99,1476.52,1563.38
15.4,1588.99,1264.36,1480.25,1565.68
15.5,1593.58,1266.73,1483.98,1567.98
15.6,1598.17,1269.1,1487.71,1570.28
15.7,1602.76,1271.46,1491.44,1572.58
15.8,1607.35,1273.83,1495.17,1574.87
15.9,1611.93,1276.2,1498.89,1577.17
16,1616.52,1278.57,1502.62,1579.47
16.1,1621.11,1280.93,1506.35,1581.77
16.2,1625.7,1283.3,1510.08,1584.06
16.3,1630.28,1285.67,1513.8,1586.36
16.4,1634.87,1288.03,1517.53,1588.66
16.5,1639.46,1290.4,1521.26,1590.95
16.6,1644.04,1292.76,1524.98,1593.25
16.7,1648.63,1295.13,1528.71,1595.55
16.8,1653.21,1297.5,1532.43,1597.84
16.9,1657.8,1299.86,1536.16,1600.14
17,1662.38,1302.23,1539.88,1602.44
17.1,1666.97,1304.59,1543.6,1604.73
17.2,1671.55,1306.95,1547.33,1607.03
17.3,1676.13,1309.32,1551.05,1609.32
17.4,1680.71,1311.68,1554.77,1611.62
17.5,1685.3,1314.05,1558.5,1613.91
17.6,1689.88,1316.41,1562.22,1616.21
17.7,1694.46,1318.77,1565.94,1618.51
17.8,1699.04,1321.14,1569.66,1620.8
17.9,1703.62,1323.5,1573.38,1623.1
18,1708.2,1325.86,1577.11,1625.39
18.1,1712.78,1328.22,1580.83,1627.68
18.2,1717.36,1330.59,1584.55,1629.98
18.3,1721.94,1332.95,1588.27,1632.27
18.4,1726.52,1335.31,1591.99,1634.57
18.5,1731.1,1337.67,1595.71,1636.86
18.6,1735.68,1340.03,1599.43,1639.16
18.7,1740.26,1342.4,1603.15,1641.45
18.8,1744.83,1344.76,1606.86,1643.74
18.9,1749.41,1347.12,1610.58,1646.04
19,1753.99,1349.48,1614.3,1648.33
19.1,1758.57,1351.84,1618.02,1650.62
19.2,1763.14,1354.2,1621.74,1652.92
19.3,1767.72,1356.56,1625.46,1655.21
19.4,1772.29,1358.92,1629.17,1657.5
19.5,1776.87,1361.28,1632.89,1659.8
19.6,1781.44,1363.64,1636.61,1662.09
19.7,1786.02,1366,1640.32,1664.38
19.8,1790.59,1368.36,1644.04,1666.67
19.9,1795.17,1370.72,1647.75,1668.97
20,1799.74,1373.08,1651.47,1671.26
20.1,1804.31,1375.44,1655.19,1673.55
20.2,1808.89,1377.79,1658.9,1675.84
20.3,1813.46,1380.15,1662.62,1678.13
20.4,1818.03,1382.51,1666.33,1680.43
20.5,1822.6,1384.87,1670.04,1682.72
20.6,1827.18,1387.23,1673.76,1685.01
20.7,1831.75,1389.58,1677.47,1687.3
20.8,1836.32,1391.94,1681.19,1689.59
20.9,1840.89,1394.3,1684.9,1691.88
21,1845.46,1396.66,1688.61,1694.17
21.1,1850.03,1399.01,1692.33,1696.46
21.2,1854.6,1401.37,1696.04,1698.76
21.3,1859.17,1403.73,1699.75,1701.05
21.4,1863.74,1406.08,1703.46,1703.34
21.5,1868.31,1408.44,1707.17,1705.63
21.6,1872.88,1410.8,1710.89,1707.92
21.7,1877.45,1413.15,1714.6,1710.21
21.8,1882.02,1415.51,1718.31,1712.5
21.9,1886.58,1417.86,1722.02,1714.79
22,1891.15,1420.22,1725.73,1717.08
22.1,1895.72,1422.57,1729.44,1719.37
22.2,1900.29,1424.93,1733.15,1721.66
22.3,1904.85,1427.29,1736.86,1723.95
22.4,1909.42,1429.64,1740.57,1726.24
22.5,1913.99,1431.99,1744.28,1728.53
22.6,1918.55,1434.35,1747.99,1730.81
22.7,1923.12,1436.7,1751.7,1733.1
22.8,1927.68,1439.06,1755.41,1735.39
22.9,1932.25,1441.41,1759.12,1737.68
23,1936.81,1443.77,1762.82,1739.97
23.1,1941.38,1446.12,1766.53,1742.26
23.2,1945.94,1448.47,1770.24,1744.55
23.3,1950.51,1450.83,1773.95,1746.84
23.4,1955.07,1453.18,1777.66,1749.12
23.5,1959.64,1455.53,1781.36,1751.41
23.6,1964.2,1457.89,1785.07,1753.7
23.7,1968.76,1460.24,1788.78,1755.99
23.8,1973.33,1462.59,1792.48,1758.28
23.9,1977.89,1464.95,1796.19,1760.56
24,1982.45,1467.3,1799.9,1762.85
24.1,1987.01,1469.65,1803.6,1765.14
24.2,1991.57,1472,1807.31,1767.43
24.3,1996.14,1474.35,1811.01,1769.71
24.4,2000.7,1476.71,1814.72,1772
24.5,2005.26,1479.06,1818.42,1774.29
24.6,2009.82,1481.41,1822.13,1776.58
24.7,2014.38,1483.76,1825.83,1778.86
24.8,2018.94,1486.11,1829.54,1781.15
24.9,2023.5,1488.46,1833.24,1783.44
25,2028.06,1490.82,1836.95,1785.72
25.1,2032.62,1493.17,1840.65,1788.01
25.2,2037.18,1495.52,1844.35,1790.3
25.3,2041.74,1497.87,1848.06,1792.58
25.4,2046.3,1500.22,1851.76,1794.87
25.5,2050.86,1502.57,1855.46,1797.15
25.6,2055.42,1504.92,1859.17,1799.44
25.7,2059.97,1507.27,1862.87,1801.73
25.8,2064.53,1509.62,1866.57,1804.01
25.9,2069.09,1511.97,1870.28,1806.3
26,2073.65,1514.32,1873.98,1808.58
26.1,2078.2,1516.67,1877.68,1810.87
26.2,2082.76,1519.02,1881.38,1813.15
26.3,2087.32,1521.37,1885.08,1815.44
26.4,2091.88,1523.72,1888.78,1817.72
26.5,2096.43,1526.07,1892.49,1820.01
26.6,2100.99,1528.42,1896.19,1822.29
26.7,2105.54,1530.76,1899.89,1824.58
26.8,2110.1,1533.11,1903.59,1826.86
26.9,2114.66,1535.46,1907.29,1829.15
27,2119.21,1537.81,1910.99,1831.43
27.1,2123.77,1540.16,1914.69,1833.72
27.2,2128.32,1542.51,1918.39,1836
27.3,2132.88,1544.85,1922.09,1838.29
27.4,2137.43,1547.2,1925.79,1840.57
27.5,2141.98,1549.55,1929.49,1842.86
27.6,2146.54,1551.9,1933.19,1845.14
27.7,2151.09,1554.25,1936.89,1847.42
27.8,2155.65,1556.59,1940.59,1849.71
27.9,2160.2,1558.94,1944.28,1851.99
28,2164.75,1561.29,1947.98,1854.27
28.1,2169.31,1563.63,1951.68,1856.56
28.2,2173.86,1565.98,1955.38,1858.84
28.3,2178.41,1568.33,1959.08,1861.13
28.4,2182.96,1570.68,1962.77,1863.41
28.5,2187.51,1573.02,1966.47,1865.69
28.6,2192.07,1575.37,1970.17,1867.97
28.7,2196.62,1577.72,1973.87,1870.26
28.8,2201.17,1580.06,1977.56,1872.54
28.9,2205.72,1582.41,1981.26,1874.82
29,2210.27,1584.75,1984.96,1877.11
29.1,2214.82,1587.1,1988.65,1879.39
29.2,2219.37,1589.45,1992.35,1881.67
29.3,2223.92,1591.79,1996.05,1883.95
29.4,2228.47,1594.14,1999.74,1886.24
29.5,2233.03,1596.48,2003.44,1888.52
29.6,2237.58,1598.83,2007.14,1890.8
29.7,2242.12,1601.17,2010.83,1893.08
29.8,2246.67,1603.52,2014.53,1895.37
29.9,2251.22,1605.86,2018.22,1897.65
30,2255.77,1608.21,2021.92,1899.93
30.1,2260.32,1610.55,2025.61,1902.21
30.2,2264.87,1612.9,2029.31,1904.49
30.3,2269.42,1615.24,2033,1906.77
30.4,2273.97,1617.59,2036.7,1909.06
30.5,2278.52,1619.93,2040.39,1911.34
30.6,2283.06,1622.28,2044.08,1913.62
30.7,2287.61,1624.62,2047.78,1915.9
30.8,2292.16,1626.96,2051.47,1918.18
30.9,2296.71,1629.31,2055.17,1920.46
31,2301.25,1631.65,2058.86,1922.74
31.1,2305.8,1634,2062.55,1925.02
31.2,2310.35,1636.34,2066.25,1927.31
31.3,2314.89,1638.68,2069.94,1929.59
31.4,2319.44,1641.03,2073.63,1931.87
31.5,2323.99,1643.37,2077.33,1934.15
31.6,2328.53,1645.71,2081.02,1936.43
31.7,2333.08,1648.06,2084.71,1938.71
31.8,2337.62,1650.4,2088.4,1940.99
31.9,2342.17,1652.74,2092.1,1943.27
32,2346.72,1655.08,2095.79,1945.55
32.1,2351.26,1657.43,2099.48,1947.83
32.2,2355.81,1659.77,2103.17,1950.11
32.3,2360.35,1662.11,2106.86,1952.39
32.4,2364.9,1664.46,2110.55,1954.67
32.5,2369.44,1666.8,2114.25,1956.95
32.6,2373.98,1669.14,2117.94,1959.23
32.7,2378.53,1671.48,2121.63,1961.51
32.8,2383.07,1673.82,2125.32,1963.79
32.9,2387.62,1676.17,2129.01,1966.07
33,2392.16,1678.51,2132.7,1968.35
33.1,2396.7,1680.85,2136.39,1970.63
33.2,2401.25,1683.19,2140.08,1972.91
33.3,2405.79,1685.53,2143.77,1975.19
33.4,2410.33,1687.87,2147.46,1977.46
33.5,2414.87,1690.22,2151.15,1979.74
33.6,2419.42,1692.56,2154.84,1982.02
33.7,2423.96,1694.9,2158.53,1984.3
33.8,2428.5,1697.24,2162.22,1986.58
33.9,2433.04,1699.58,2165.91,1988.86
34,2437.59,1701.92,2169.6,1991.14
34.1,2442.13,1704.26,2173.29,1993.42
34.2,2446.67,1706.6,2176.97,1995.69
34.3,2451.21,1708.94,2180.66,1997.97
34.4,2455.75,1711.28,2184.35,2000.25
34.5,2460.29,1713.62,2188.04,2002.53
34.6,2464.83,1715.96,2191.73,2004.81
34.7,2469.38,1718.3,2195.42,2007.09
34.8,2473.92,1720.64,2199.11,2009.36
34.9,2478.46,1722.98,2202.79,2011.64
35,2483,1725.32,2206.48,2013.92
35.1,2487.54,1727.66,2210.17,2016.2
35.2,2492.08,1730,2213.86,2018.48
35.3,2496.62,1732.34,2217.54,2020.75
35.4,2501.16,1734.68,2221.23,2023.03
35.5,2505.7,1737.02,2224.92,2025.31
35.6,2510.23,1739.36,2228.6,2027.59
35.7,2514.77,1741.7,2232.29,2029.86
35.8,2519.31,1744.04,2235.98,2032.14
35.9,2523.85,1746.38,2239.66,2034.42
36,2528.39,1748.72,2243.35,2036.69
36.1,2532.93,1751.06,2247.04,2038.97
36.2,2537.47,1753.4,2250.72,2041.25
36.3,2542.01,1755.73,2254.41,2043.53
36.4,2546.54,1758.07,2258.1,2045.8
36.5,2551.08,1760.41,2261.78,2048.08
36.6,2555.62,1762.75,2265.47,2050.36
36.7,2560.16,1765.09,2269.15,2052.63
36.8,2564.69,1767.43,2272.84,2054.91
36.9,2569.23,1769.76,2276.52,2057.19
37,2573.77,1772.1,2280.21,2059.46
37.1,2578.31,1774.44,2283.89,2061.74
37.2,2582.84,1776.78,2287.58,2064.01
37.3,2587.38,1779.12,2291.26,2066.29
37.4,2591.92,1781.45,2294.95,2068.57
37.5,2596.45,1783.79,2298.63,2070.84
37.6,2600.99,1786.13,2302.32,2073.12
37.7,2605.52,1788.47,2306,2075.4
37.8,2610.06,1790.81,2309.69,2077.67
37.9,2614.6,1793.14,2313.37,2079.95
38,2619.13,1795.48,2317.05,2082.22
38.1,2623.67,1797.82,2320.74,2084.5
38.2,2628.2,1800.15,2324.42,2086.77
38.3,2632.74,1802.49,2328.1,2089.05
38.4,2637.27,1804.83,2331.79,2091.32
38.5,2641.81,1807.16,2335.47,2093.6
38.6,2646.34,1809.5,2339.15,2095.88
38.7,2650.88,1811.84,2342.84,2098.15
38.8,2655.41,1814.18,2346.52,2100.43
38.9,2659.95,1816.51,2350.2,2102.7
39,2664.48,1818.85,2353.89,2104.98
39.1,2669.01,1821.18,2357.57,2107.25
39.2,2673.55,1823.52,2361.25,2109.53
39.3,2678.08,1825.86,2364.93,2111.8
39.4,2682.62,1828.19,2368.62,2114.08
39.5,2687.15,1830.53,2372.3,2116.35
39.6,2691.68,1832.87,2375.98,2118.63
39.7,2696.22,1835.2,2379.66,2120.9
39.8,2700.75,1837.54,2383.34,2123.17
39.9,2705.28,1839.87,2387.02,2125.45
40,2709.82,1842.21,2390.71,2127.72
